idx,file,width,height,orientation,cluster,style_family,learned_style,used_in_final_ppt
1,┤┤┐═25═╝╞м/Screenshot_20251016_100315.jpg,2800,1260,横版,3,现场大屏单中心构图,远距离可读：一页一个中心观点，大标题+一个主图/主流程，文字极少。,S3根因、S9视频转场、S15结尾：只留一句核心判断。
2,┤┤┐═25═╝╞м/Screenshot_20251016_091640.jpg,2800,1260,横版,9,深蓝模块化流程/环形图,模块框、箭头、环形关系、亮青边框；复杂内容被压成模块。,S4“1234”、S5总体蓝图、S14创新双栏。
3,┤┤┐═25═╝╞м/Screenshot_20251016_105025.jpg,2800,1260,横版,10,蓝青高质感组件页,蓝青渐变框、玻璃态卡片、发光描边、黄字小题签、白/青大标题。,S2三痛点直接复用原生组件；S4方案卡、S9转场框、S13成效卡统一风格。
4,┤┤┐═25═╝╞м/Screenshot_20251016_092255.jpg,2800,1260,横版,5,数据驾驶舱/地图看板,整页或半页大屏数据图，强调地图、指标、趋势，外围不堆文字。,S8模型②右侧沙盘、S11智投四屏驾驶舱。
5,┤┤┐═25═╝╞м/Screenshot_20251016_095703.jpg,1260,2800,竖版,1,竖屏录屏/手机截图,竖屏信息密度高，适合做素材而非整页版式；应裁切关键区域。,未直接套版；只借鉴“手机界面只露关键步骤”，用于S6、S10。
6,┤┤┐═25═╝╞м/Screenshot_20251016_110039.jpg,2800,1260,横版,4,深蓝科技三步流,青蓝发光线、编号圆点、三步纵向/横向流程、少量绿色/青色功能胶囊。,S6一库、S7模型①、S8模型②、S10智用、S12智管：统一三步法。
7,┤┤┐═25═╝╞м/Screenshot_20251016_091221.jpg,2800,1260,横版,3,现场大屏单中心构图,远距离可读：一页一个中心观点，大标题+一个主图/主流程，文字极少。,S3根因、S9视频转场、S15结尾：只留一句核心判断。
8,┤┤┐═25═╝╞м/Screenshot_20251016_105626.jpg,2800,1260,横版,10,蓝青高质感组件页,蓝青渐变框、玻璃态卡片、发光描边、黄字小题签、白/青大标题。,S2三痛点直接复用原生组件；S4方案卡、S9转场框、S13成效卡统一风格。
9,┤┤┐═25═╝╞м/Screenshot_20251016_112122.jpg,2800,1260,横版,4,深蓝科技三步流,青蓝发光线、编号圆点、三步纵向/横向流程、少量绿色/青色功能胶囊。,S6一库、S7模型①、S8模型②、S10智用、S12智管：统一三步法。
10,┤┤┐═25═╝╞м/Screenshot_20251016_153603.jpg,2800,1260,横版,4,深蓝科技三步流,青蓝发光线、编号圆点、三步纵向/横向流程、少量绿色/青色功能胶囊。,S6一库、S7模型①、S8模型②、S10智用、S12智管：统一三步法。
11,┤┤┐═25═╝╞м/Screenshot_20251016_151403.jpg,1260,2800,竖版,1,竖屏录屏/手机截图,竖屏信息密度高，适合做素材而非整页版式；应裁切关键区域。,未直接套版；只借鉴“手机界面只露关键步骤”，用于S6、S10。
12,┤┤┐═25═╝╞м/Screenshot_20251016_112711.jpg,2800,1260,横版,6,蓝色证据页+大白卡,一侧深蓝逻辑，一侧大面积白色后台/证书/公式；证据比装饰更重要。,S7模型①右侧管理后台、S12智管右侧工单/档案。
13,┤┤┐═25═╝╞м/Screenshot_20251016_143314.jpg,1260,2800,竖版,1,竖屏录屏/手机截图,竖屏信息密度高，适合做素材而非整页版式；应裁切关键区域。,未直接套版；只借鉴“手机界面只露关键步骤”，用于S6、S10。
14,┤┤┐═25═╝╞м/Screenshot_20251016_090152.jpg,2800,1260,横版,9,深蓝模块化流程/环形图,模块框、箭头、环形关系、亮青边框；复杂内容被压成模块。,S4“1234”、S5总体蓝图、S14创新双栏。
15,┤┤┐═25═╝╞м/Screenshot_20251016_084326.jpg,2800,1260,横版,3,现场大屏单中心构图,远距离可读：一页一个中心观点，大标题+一个主图/主流程，文字极少。,S3根因、S9视频转场、S15结尾：只留一句核心判断。
16,┤┤┐═25═╝╞м/Screenshot_20251016_091716.jpg,2800,1260,横版,4,深蓝科技三步流,青蓝发光线、编号圆点、三步纵向/横向流程、少量绿色/青色功能胶囊。,S6一库、S7模型①、S8模型②、S10智用、S12智管：统一三步法。
17,┤┤┐═25═╝╞м/Screenshot_20251016_143124.jpg,1260,2800,竖版,1,竖屏录屏/手机截图,竖屏信息密度高，适合做素材而非整页版式；应裁切关键区域。,未直接套版；只借鉴“手机界面只露关键步骤”，用于S6、S10。
18,┤┤┐═25═╝╞м/Screenshot_20251016_092124.jpg,2800,1260,横版,10,蓝青高质感组件页,蓝青渐变框、玻璃态卡片、发光描边、黄字小题签、白/青大标题。,S2三痛点直接复用原生组件；S4方案卡、S9转场框、S13成效卡统一风格。
19,┤┤┐═25═╝╞м/Screenshot_20251016_090618.jpg,1260,2800,竖版,1,竖屏录屏/手机截图,竖屏信息密度高，适合做素材而非整页版式；应裁切关键区域。,未直接套版；只借鉴“手机界面只露关键步骤”，用于S6、S10。
20,┤┤┐═25═╝╞м/Screenshot_20251016_113001.jpg,2800,1260,横版,0,轻色产品界面+实机/手机实景,白/浅色产品UI作为证据主体，配手机或实景外壳；不做大面积装饰。,S6一库见底、S10智用：真实小程序/报修界面放进深蓝母版；只把UI当证据，不改变母版。
21,┤┤┐═25═╝╞м/Screenshot_20251016_084931.jpg,2800,1260,横版,6,蓝色证据页+大白卡,一侧深蓝逻辑，一侧大面积白色后台/证书/公式；证据比装饰更重要。,S7模型①右侧管理后台、S12智管右侧工单/档案。
22,┤┤┐═25═╝╞м/Screenshot_20251016_104350.jpg,2800,1260,横版,2,蓝色舞台框+浅色证据卡,深蓝背景中嵌一张高亮白/浅卡，视觉中心清晰，外围少量标签。,S7模型①、S12智管：后台截图集中为一个证据区，左侧保留三步法。
23,┤┤┐═25═╝╞м/Screenshot_20251016_095153.jpg,1260,2800,竖版,7,竖屏实拍/录像界面,更偏过程记录和实拍，不适合作为决赛主版式。,不直接使用；仅借鉴“关键操作截图+标注线”方法。
24,┤┤┐═25═╝╞м/Screenshot_20251016_111958.jpg,2800,1260,横版,9,深蓝模块化流程/环形图,模块框、箭头、环形关系、亮青边框；复杂内容被压成模块。,S4“1234”、S5总体蓝图、S14创新双栏。
25,┤┤┐═25═╝╞м/Screenshot_20251016_091818.jpg,2800,1260,横版,9,深蓝模块化流程/环形图,模块框、箭头、环形关系、亮青边框；复杂内容被压成模块。,S4“1234”、S5总体蓝图、S14创新双栏。
26,┤┤┐═25═╝╞м/Screenshot_20251016_141528.jpg,1260,2800,竖版,7,竖屏实拍/录像界面,更偏过程记录和实拍，不适合作为决赛主版式。,不直接使用；仅借鉴“关键操作截图+标注线”方法。
27,┤┤┐═25═╝╞м/Screenshot_20251016_093214.jpg,2800,1260,横版,2,蓝色舞台框+浅色证据卡,深蓝背景中嵌一张高亮白/浅卡，视觉中心清晰，外围少量标签。,S7模型①、S12智管：后台截图集中为一个证据区，左侧保留三步法。
28,┤┤┐═25═╝╞м/Screenshot_20251016_105337.jpg,2800,1260,横版,5,数据驾驶舱/地图看板,整页或半页大屏数据图，强调地图、指标、趋势，外围不堆文字。,S8模型②右侧沙盘、S11智投四屏驾驶舱。
29,┤┤┐═25═╝╞м/Screenshot_20251016_162954.jpg,2800,1260,横版,5,数据驾驶舱/地图看板,整页或半页大屏数据图，强调地图、指标、趋势，外围不堆文字。,S8模型②右侧沙盘、S11智投四屏驾驶舱。
30,┤┤┐═25═╝╞м/Screenshot_20251016_085746.jpg,2800,1260,横版,5,数据驾驶舱/地图看板,整页或半页大屏数据图，强调地图、指标、趋势，外围不堆文字。,S8模型②右侧沙盘、S11智投四屏驾驶舱。
31,┤┤┐═25═╝╞м/Screenshot_20251016_093144.jpg,2800,1260,横版,3,现场大屏单中心构图,远距离可读：一页一个中心观点，大标题+一个主图/主流程，文字极少。,S3根因、S9视频转场、S15结尾：只留一句核心判断。
32,┤┤┐═25═╝╞м/Screenshot_20251016_113524.jpg,2800,1260,横版,2,蓝色舞台框+浅色证据卡,深蓝背景中嵌一张高亮白/浅卡，视觉中心清晰，外围少量标签。,S7模型①、S12智管：后台截图集中为一个证据区，左侧保留三步法。
33,┤┤┐═25═╝╞м/Screenshot_20251016_110154.jpg,2800,1260,横版,4,深蓝科技三步流,青蓝发光线、编号圆点、三步纵向/横向流程、少量绿色/青色功能胶囊。,S6一库、S7模型①、S8模型②、S10智用、S12智管：统一三步法。
34,┤┤┐═25═╝╞м/Screenshot_20251016_104321.jpg,2800,1260,横版,10,蓝青高质感组件页,蓝青渐变框、玻璃态卡片、发光描边、黄字小题签、白/青大标题。,S2三痛点直接复用原生组件；S4方案卡、S9转场框、S13成效卡统一风格。
35,┤┤┐═25═╝╞м/Screenshot_20251016_084224.jpg,1260,2800,竖版,7,竖屏实拍/录像界面,更偏过程记录和实拍，不适合作为决赛主版式。,不直接使用；仅借鉴“关键操作截图+标注线”方法。
36,┤┤┐═25═╝╞м/Screenshot_20251016_095229.jpg,1260,2800,竖版,7,竖屏实拍/录像界面,更偏过程记录和实拍，不适合作为决赛主版式。,不直接使用；仅借鉴“关键操作截图+标注线”方法。
37,┤┤┐═25═╝╞м/Screenshot_20251016_085900.jpg,2800,1260,横版,3,现场大屏单中心构图,远距离可读：一页一个中心观点，大标题+一个主图/主流程，文字极少。,S3根因、S9视频转场、S15结尾：只留一句核心判断。
38,┤┤┐═25═╝╞м/Screenshot_20251016_112019.jpg,2800,1260,横版,9,深蓝模块化流程/环形图,模块框、箭头、环形关系、亮青边框；复杂内容被压成模块。,S4“1234”、S5总体蓝图、S14创新双栏。
39,┤┤┐═25═╝╞м/Screenshot_20251016_102336.jpg,1260,2800,竖版,7,竖屏实拍/录像界面,更偏过程记录和实拍，不适合作为决赛主版式。,不直接使用；仅借鉴“关键操作截图+标注线”方法。
40,┤┤┐═25═╝╞м/Screenshot_20251016_113941.jpg,2800,1260,横版,6,蓝色证据页+大白卡,一侧深蓝逻辑，一侧大面积白色后台/证书/公式；证据比装饰更重要。,S7模型①右侧管理后台、S12智管右侧工单/档案。
41,┤┤┐═25═╝╞м/Screenshot_20251016_090850.jpg,2800,1260,横版,9,深蓝模块化流程/环形图,模块框、箭头、环形关系、亮青边框；复杂内容被压成模块。,S4“1234”、S5总体蓝图、S14创新双栏。
42,┤┤┐═25═╝╞м/Screenshot_20251016_150616.jpg,1260,2800,竖版,1,竖屏录屏/手机截图,竖屏信息密度高，适合做素材而非整页版式；应裁切关键区域。,未直接套版；只借鉴“手机界面只露关键步骤”，用于S6、S10。
43,┤┤┐═25═╝╞м/Screenshot_20251016_112301.jpg,2800,1260,横版,4,深蓝科技三步流,青蓝发光线、编号圆点、三步纵向/横向流程、少量绿色/青色功能胶囊。,S6一库、S7模型①、S8模型②、S10智用、S12智管：统一三步法。
44,┤┤┐═25═╝╞м/Screenshot_20251016_162249.jpg,2800,1260,横版,5,数据驾驶舱/地图看板,整页或半页大屏数据图，强调地图、指标、趋势，外围不堆文字。,S8模型②右侧沙盘、S11智投四屏驾驶舱。
45,┤┤┐═25═╝╞м/Screenshot_20251016_105458.jpg,2800,1260,横版,5,数据驾驶舱/地图看板,整页或半页大屏数据图，强调地图、指标、趋势，外围不堆文字。,S8模型②右侧沙盘、S11智投四屏驾驶舱。
46,┤┤┐═25═╝╞м/Screenshot_20251016_092032.jpg,2800,1260,横版,3,现场大屏单中心构图,远距离可读：一页一个中心观点，大标题+一个主图/主流程，文字极少。,S3根因、S9视频转场、S15结尾：只留一句核心判断。
47,┤┤┐═25═╝╞м/Screenshot_20251016_105546.jpg,2800,1260,横版,8,比赛舞台超简洁页,标题大、图形少、核心词大；舞台远距识别优先。,S1封面、S2三痛点、S9视频、S15收口。
48,┤┤┐═25═╝╞м/Screenshot_20251016_112749.jpg,2800,1260,横版,6,蓝色证据页+大白卡,一侧深蓝逻辑，一侧大面积白色后台/证书/公式；证据比装饰更重要。,S7模型①右侧管理后台、S12智管右侧工单/档案。
49,┤┤┐═25═╝╞м/Screenshot_20251016_084356.jpg,2800,1260,横版,6,蓝色证据页+大白卡,一侧深蓝逻辑，一侧大面积白色后台/证书/公式；证据比装饰更重要。,S7模型①右侧管理后台、S12智管右侧工单/档案。
50,┤┤┐═25═╝╞м/Screenshot_20251016_141540.jpg,1260,2800,竖版,1,竖屏录屏/手机截图,竖屏信息密度高，适合做素材而非整页版式；应裁切关键区域。,未直接套版；只借鉴“手机界面只露关键步骤”，用于S6、S10。
51,┤┤┐═25═╝╞м/Screenshot_20251016_090541.jpg,1260,2800,竖版,1,竖屏录屏/手机截图,竖屏信息密度高，适合做素材而非整页版式；应裁切关键区域。,未直接套版；只借鉴“手机界面只露关键步骤”，用于S6、S10。
52,┤┤┐═25═╝╞м/Screenshot_20251016_142604.jpg,1260,2800,竖版,7,竖屏实拍/录像界面,更偏过程记录和实拍，不适合作为决赛主版式。,不直接使用；仅借鉴“关键操作截图+标注线”方法。
53,┤┤┐═25═╝╞м/Screenshot_20251016_100151.jpg,2800,1260,横版,4,深蓝科技三步流,青蓝发光线、编号圆点、三步纵向/横向流程、少量绿色/青色功能胶囊。,S6一库、S7模型①、S8模型②、S10智用、S12智管：统一三步法。
54,┤┤┐═25═╝╞м/Screenshot_20251016_104614.jpg,2800,1260,横版,10,蓝青高质感组件页,蓝青渐变框、玻璃态卡片、发光描边、黄字小题签、白/青大标题。,S2三痛点直接复用原生组件；S4方案卡、S9转场框、S13成效卡统一风格。
55,┤┤┐═25═╝╞м/Screenshot_20251016_141440.jpg,1260,2800,竖版,7,竖屏实拍/录像界面,更偏过程记录和实拍，不适合作为决赛主版式。,不直接使用；仅借鉴“关键操作截图+标注线”方法。
56,┤┤┐═25═╝╞м/Screenshot_20251016_145245.jpg,1260,2800,竖版,7,竖屏实拍/录像界面,更偏过程记录和实拍，不适合作为决赛主版式。,不直接使用；仅借鉴“关键操作截图+标注线”方法。
57,┤┤┐═25═╝╞м/Screenshot_20251016_152434.jpg,2800,1260,横版,8,比赛舞台超简洁页,标题大、图形少、核心词大；舞台远距识别优先。,S1封面、S2三痛点、S9视频、S15收口。
58,┤┤┐═25═╝╞м/Screenshot_20251016_105841.jpg,2800,1260,横版,4,深蓝科技三步流,青蓝发光线、编号圆点、三步纵向/横向流程、少量绿色/青色功能胶囊。,S6一库、S7模型①、S8模型②、S10智用、S12智管：统一三步法。
59,┤┤┐═25═╝╞м/Screenshot_20251016_105817.jpg,2800,1260,横版,8,比赛舞台超简洁页,标题大、图形少、核心词大；舞台远距识别优先。,S1封面、S2三痛点、S9视频、S15收口。
60,┤┤┐═25═╝╞м/Screenshot_20251016_103302.jpg,1260,2800,竖版,1,竖屏录屏/手机截图,竖屏信息密度高，适合做素材而非整页版式；应裁切关键区域。,未直接套版；只借鉴“手机界面只露关键步骤”，用于S6、S10。
61,┤┤┐═25═╝╞м/Screenshot_20251016_143127.jpg,1260,2800,竖版,1,竖屏录屏/手机截图,竖屏信息密度高，适合做素材而非整页版式；应裁切关键区域。,未直接套版；只借鉴“手机界面只露关键步骤”，用于S6、S10。
62,┤┤┐═25═╝╞м/Screenshot_20251016_084538.jpg,2800,1260,横版,3,现场大屏单中心构图,远距离可读：一页一个中心观点，大标题+一个主图/主流程，文字极少。,S3根因、S9视频转场、S15结尾：只留一句核心判断。
63,┤┤┐═25═╝╞м/Screenshot_20251016_093432.jpg,2800,1260,横版,3,现场大屏单中心构图,远距离可读：一页一个中心观点，大标题+一个主图/主流程，文字极少。,S3根因、S9视频转场、S15结尾：只留一句核心判断。
64,┤┤┐═25═╝╞м/Screenshot_20251016_112626.jpg,2800,1260,横版,6,蓝色证据页+大白卡,一侧深蓝逻辑，一侧大面积白色后台/证书/公式；证据比装饰更重要。,S7模型①右侧管理后台、S12智管右侧工单/档案。
65,┤┤┐═25═╝╞м/Screenshot_20251016_093741.jpg,2800,1260,横版,3,现场大屏单中心构图,远距离可读：一页一个中心观点，大标题+一个主图/主流程，文字极少。,S3根因、S9视频转场、S15结尾：只留一句核心判断。
66,┤┤┐═25═╝╞м/Screenshot_20251016_095523.jpg,1260,2800,竖版,1,竖屏录屏/手机截图,竖屏信息密度高，适合做素材而非整页版式；应裁切关键区域。,未直接套版；只借鉴“手机界面只露关键步骤”，用于S6、S10。
67,┤┤┐═25═╝╞м/Screenshot_20251016_163001.jpg,2800,1260,横版,5,数据驾驶舱/地图看板,整页或半页大屏数据图，强调地图、指标、趋势，外围不堆文字。,S8模型②右侧沙盘、S11智投四屏驾驶舱。
68,┤┤┐═25═╝╞м/Screenshot_20251016_085456.jpg,2800,1260,横版,10,蓝青高质感组件页,蓝青渐变框、玻璃态卡片、发光描边、黄字小题签、白/青大标题。,S2三痛点直接复用原生组件；S4方案卡、S9转场框、S13成效卡统一风格。
69,┤┤┐═25═╝╞м/Screenshot_20251016_102338.jpg,1260,2800,竖版,7,竖屏实拍/录像界面,更偏过程记录和实拍，不适合作为决赛主版式。,不直接使用；仅借鉴“关键操作截图+标注线”方法。
70,┤┤┐═25═╝╞м/Screenshot_20251016_084235.jpg,2800,1260,横版,6,蓝色证据页+大白卡,一侧深蓝逻辑，一侧大面积白色后台/证书/公式；证据比装饰更重要。,S7模型①右侧管理后台、S12智管右侧工单/档案。
71,┤┤┐═25═╝╞м/Screenshot_20251016_105134.jpg,2800,1260,横版,10,蓝青高质感组件页,蓝青渐变框、玻璃态卡片、发光描边、黄字小题签、白/青大标题。,S2三痛点直接复用原生组件；S4方案卡、S9转场框、S13成效卡统一风格。
72,┤┤┐═25═╝╞м/Screenshot_20251016_141913.jpg,1260,2800,竖版,1,竖屏录屏/手机截图,竖屏信息密度高，适合做素材而非整页版式；应裁切关键区域。,未直接套版；只借鉴“手机界面只露关键步骤”，用于S6、S10。
73,┤┤┐═25═╝╞м/Screenshot_20251016_152425.jpg,2800,1260,横版,8,比赛舞台超简洁页,标题大、图形少、核心词大；舞台远距识别优先。,S1封面、S2三痛点、S9视频、S15收口。
74,┤┤┐═25═╝╞м/Screenshot_20251016_091240.jpg,2800,1260,横版,9,深蓝模块化流程/环形图,模块框、箭头、环形关系、亮青边框；复杂内容被压成模块。,S4“1234”、S5总体蓝图、S14创新双栏。
75,┤┤┐═25═╝╞м/Screenshot_20251016_090847.jpg,2800,1260,横版,9,深蓝模块化流程/环形图,模块框、箭头、环形关系、亮青边框；复杂内容被压成模块。,S4“1234”、S5总体蓝图、S14创新双栏。
76,┤┤┐═25═╝╞м/Screenshot_20251016_103707.jpg,2800,1260,横版,3,现场大屏单中心构图,远距离可读：一页一个中心观点，大标题+一个主图/主流程，文字极少。,S3根因、S9视频转场、S15结尾：只留一句核心判断。
77,┤┤┐═25═╝╞м/Screenshot_20251016_113142.jpg,2800,1260,横版,6,蓝色证据页+大白卡,一侧深蓝逻辑，一侧大面积白色后台/证书/公式；证据比装饰更重要。,S7模型①右侧管理后台、S12智管右侧工单/档案。
78,┤┤┐═25═╝╞м/Screenshot_20251016_090531.jpg,1260,2800,竖版,1,竖屏录屏/手机截图,竖屏信息密度高，适合做素材而非整页版式；应裁切关键区域。,未直接套版；只借鉴“手机界面只露关键步骤”，用于S6、S10。
79,┤┤┐═25═╝╞м/Screenshot_20251016_104819.jpg,2800,1260,横版,3,现场大屏单中心构图,远距离可读：一页一个中心观点，大标题+一个主图/主流程，文字极少。,S3根因、S9视频转场、S15结尾：只留一句核心判断。
80,┤┤┐═25═╝╞м/Screenshot_20251016_100447.jpg,2800,1260,横版,3,现场大屏单中心构图,远距离可读：一页一个中心观点，大标题+一个主图/主流程，文字极少。,S3根因、S9视频转场、S15结尾：只留一句核心判断。
81,┤┤┐═25═╝╞м/Screenshot_20251016_114752.jpg,1260,2800,竖版,1,竖屏录屏/手机截图,竖屏信息密度高，适合做素材而非整页版式；应裁切关键区域。,未直接套版；只借鉴“手机界面只露关键步骤”，用于S6、S10。
82,┤┤┐═25═╝╞м/Screenshot_20251016_114758.jpg,1260,2800,竖版,1,竖屏录屏/手机截图,竖屏信息密度高，适合做素材而非整页版式；应裁切关键区域。,未直接套版；只借鉴“手机界面只露关键步骤”，用于S6、S10。
83,┤┤┐═25═╝╞м/Screenshot_20251016_114522.jpg,2800,1260,横版,8,比赛舞台超简洁页,标题大、图形少、核心词大；舞台远距识别优先。,S1封面、S2三痛点、S9视频、S15收口。
84,┤┤┐═25═╝╞м/Screenshot_20251016_084455.jpg,2800,1260,横版,6,蓝色证据页+大白卡,一侧深蓝逻辑，一侧大面积白色后台/证书/公式；证据比装饰更重要。,S7模型①右侧管理后台、S12智管右侧工单/档案。
85,┤┤┐═25═╝╞м/Screenshot_20251016_105439.jpg,2800,1260,横版,5,数据驾驶舱/地图看板,整页或半页大屏数据图，强调地图、指标、趋势，外围不堆文字。,S8模型②右侧沙盘、S11智投四屏驾驶舱。
86,┤┤┐═25═╝╞м/Screenshot_20251016_104703.jpg,2800,1260,横版,10,蓝青高质感组件页,蓝青渐变框、玻璃态卡片、发光描边、黄字小题签、白/青大标题。,S2三痛点直接复用原生组件；S4方案卡、S9转场框、S13成效卡统一风格。
87,┤┤┐═25═╝╞м/Screenshot_20251016_110839.jpg,2800,1260,横版,6,蓝色证据页+大白卡,一侧深蓝逻辑，一侧大面积白色后台/证书/公式；证据比装饰更重要。,S7模型①右侧管理后台、S12智管右侧工单/档案。
88,┤┤┐═25═╝╞м/Screenshot_20251016_170413.jpg,2800,1260,横版,2,蓝色舞台框+浅色证据卡,深蓝背景中嵌一张高亮白/浅卡，视觉中心清晰，外围少量标签。,S7模型①、S12智管：后台截图集中为一个证据区，左侧保留三步法。
89,┤┤┐═25═╝╞м/Screenshot_20251016_113107.jpg,2800,1260,横版,9,深蓝模块化流程/环形图,模块框、箭头、环形关系、亮青边框；复杂内容被压成模块。,S4“1234”、S5总体蓝图、S14创新双栏。
90,┤┤┐═25═╝╞м/Screenshot_20251016_113549.jpg,2800,1260,横版,6,蓝色证据页+大白卡,一侧深蓝逻辑，一侧大面积白色后台/证书/公式；证据比装饰更重要。,S7模型①右侧管理后台、S12智管右侧工单/档案。
91,┤┤┐═25═╝╞м/Screenshot_20251016_112951.jpg,2800,1260,横版,0,轻色产品界面+实机/手机实景,白/浅色产品UI作为证据主体，配手机或实景外壳；不做大面积装饰。,S6一库见底、S10智用：真实小程序/报修界面放进深蓝母版；只把UI当证据，不改变母版。
92,┤┤┐═25═╝╞м/Screenshot_20251016_150857.jpg,1260,2800,竖版,1,竖屏录屏/手机截图,竖屏信息密度高，适合做素材而非整页版式；应裁切关键区域。,未直接套版；只借鉴“手机界面只露关键步骤”，用于S6、S10。
93,┤┤┐═25═╝╞м/Screenshot_20251016_112937.jpg,2800,1260,横版,5,数据驾驶舱/地图看板,整页或半页大屏数据图，强调地图、指标、趋势，外围不堆文字。,S8模型②右侧沙盘、S11智投四屏驾驶舱。
94,┤┤┐═25═╝╞м/Screenshot_20251016_164624.jpg,2800,1260,横版,8,比赛舞台超简洁页,标题大、图形少、核心词大；舞台远距识别优先。,S1封面、S2三痛点、S9视频、S15收口。
95,┤┤┐═25═╝╞м/Screenshot_20251016_104444.jpg,2800,1260,横版,0,轻色产品界面+实机/手机实景,白/浅色产品UI作为证据主体，配手机或实景外壳；不做大面积装饰。,S6一库见底、S10智用：真实小程序/报修界面放进深蓝母版；只把UI当证据，不改变母版。
96,┤┤┐═25═╝╞м/Screenshot_20251016_103617.jpg,2800,1260,横版,9,深蓝模块化流程/环形图,模块框、箭头、环形关系、亮青边框；复杂内容被压成模块。,S4“1234”、S5总体蓝图、S14创新双栏。
97,┤┤┐═25═╝╞м/Screenshot_20251016_094515.jpg,2800,1260,横版,3,现场大屏单中心构图,远距离可读：一页一个中心观点，大标题+一个主图/主流程，文字极少。,S3根因、S9视频转场、S15结尾：只留一句核心判断。
98,┤┤┐═25═╝╞м/Screenshot_20251016_111828.jpg,2800,1260,横版,4,深蓝科技三步流,青蓝发光线、编号圆点、三步纵向/横向流程、少量绿色/青色功能胶囊。,S6一库、S7模型①、S8模型②、S10智用、S12智管：统一三步法。
99,┤┤┐═25═╝╞м/Screenshot_20251016_113051.jpg,2800,1260,横版,9,深蓝模块化流程/环形图,模块框、箭头、环形关系、亮青边框；复杂内容被压成模块。,S4“1234”、S5总体蓝图、S14创新双栏。
100,┤┤┐═25═╝╞м/Screenshot_20251016_141536.jpg,1260,2800,竖版,7,竖屏实拍/录像界面,更偏过程记录和实拍，不适合作为决赛主版式。,不直接使用；仅借鉴“关键操作截图+标注线”方法。
101,┤┤┐═25═╝╞м/Screenshot_20251016_113128.jpg,2800,1260,横版,9,深蓝模块化流程/环形图,模块框、箭头、环形关系、亮青边框；复杂内容被压成模块。,S4“1234”、S5总体蓝图、S14创新双栏。
102,┤┤┐═25═╝╞м/Screenshot_20251016_112616.jpg,2800,1260,横版,6,蓝色证据页+大白卡,一侧深蓝逻辑，一侧大面积白色后台/证书/公式；证据比装饰更重要。,S7模型①右侧管理后台、S12智管右侧工单/档案。
103,┤┤┐═25═╝╞м/Screenshot_20251016_112810.jpg,2800,1260,横版,6,蓝色证据页+大白卡,一侧深蓝逻辑，一侧大面积白色后台/证书/公式；证据比装饰更重要。,S7模型①右侧管理后台、S12智管右侧工单/档案。
104,┤┤┐═25═╝╞м/Screenshot_20251016_093022.jpg,2800,1260,横版,4,深蓝科技三步流,青蓝发光线、编号圆点、三步纵向/横向流程、少量绿色/青色功能胶囊。,S6一库、S7模型①、S8模型②、S10智用、S12智管：统一三步法。
105,┤┤┐═25═╝╞м/Screenshot_20251016_091252.jpg,2800,1260,横版,2,蓝色舞台框+浅色证据卡,深蓝背景中嵌一张高亮白/浅卡，视觉中心清晰，外围少量标签。,S7模型①、S12智管：后台截图集中为一个证据区，左侧保留三步法。
106,┤┤┐═25═╝╞м/Screenshot_20251016_095857.jpg,2800,1260,横版,5,数据驾驶舱/地图看板,整页或半页大屏数据图，强调地图、指标、趋势，外围不堆文字。,S8模型②右侧沙盘、S11智投四屏驾驶舱。
107,┤┤┐═25═╝╞м/Screenshot_20251016_142639.jpg,1260,2800,竖版,1,竖屏录屏/手机截图,竖屏信息密度高，适合做素材而非整页版式；应裁切关键区域。,未直接套版；只借鉴“手机界面只露关键步骤”，用于S6、S10。
108,┤┤┐═25═╝╞м/Screenshot_20251016_165451.jpg,2800,1260,横版,6,蓝色证据页+大白卡,一侧深蓝逻辑，一侧大面积白色后台/证书/公式；证据比装饰更重要。,S7模型①右侧管理后台、S12智管右侧工单/档案。
109,┤┤┐═25═╝╞м/Screenshot_20251016_085430.jpg,2800,1260,横版,10,蓝青高质感组件页,蓝青渐变框、玻璃态卡片、发光描边、黄字小题签、白/青大标题。,S2三痛点直接复用原生组件；S4方案卡、S9转场框、S13成效卡统一风格。
110,┤┤┐═25═╝╞м/Screenshot_20251016_092945.jpg,2800,1260,横版,3,现场大屏单中心构图,远距离可读：一页一个中心观点，大标题+一个主图/主流程，文字极少。,S3根因、S9视频转场、S15结尾：只留一句核心判断。
111,┤┤┐═25═╝╞м/Screenshot_20251016_090220.jpg,2800,1260,横版,4,深蓝科技三步流,青蓝发光线、编号圆点、三步纵向/横向流程、少量绿色/青色功能胶囊。,S6一库、S7模型①、S8模型②、S10智用、S12智管：统一三步法。
112,┤┤┐═25═╝╞м/Screenshot_20251016_171317.jpg,2800,1260,横版,2,蓝色舞台框+浅色证据卡,深蓝背景中嵌一张高亮白/浅卡，视觉中心清晰，外围少量标签。,S7模型①、S12智管：后台截图集中为一个证据区，左侧保留三步法。
113,┤┤┐═25═╝╞м/Screenshot_20251016_112221.jpg,2800,1260,横版,9,深蓝模块化流程/环形图,模块框、箭头、环形关系、亮青边框；复杂内容被压成模块。,S4“1234”、S5总体蓝图、S14创新双栏。
114,┤┤┐═25═╝╞м/Screenshot_20251016_093606.jpg,2800,1260,横版,5,数据驾驶舱/地图看板,整页或半页大屏数据图，强调地图、指标、趋势，外围不堆文字。,S8模型②右侧沙盘、S11智投四屏驾驶舱。
115,┤┤┐═25═╝╞м/Screenshot_20251016_090457.jpg,1260,2800,竖版,1,竖屏录屏/手机截图,竖屏信息密度高，适合做素材而非整页版式；应裁切关键区域。,未直接套版；只借鉴“手机界面只露关键步骤”，用于S6、S10。
116,┤┤┐═25═╝╞м/Screenshot_20251016_145539.jpg,1260,2800,竖版,1,竖屏录屏/手机截图,竖屏信息密度高，适合做素材而非整页版式；应裁切关键区域。,未直接套版；只借鉴“手机界面只露关键步骤”，用于S6、S10。
117,┤┤┐═25═╝╞м/Screenshot_20251016_141423.jpg,1260,2800,竖版,1,竖屏录屏/手机截图,竖屏信息密度高，适合做素材而非整页版式；应裁切关键区域。,未直接套版；只借鉴“手机界面只露关键步骤”，用于S6、S10。
118,┤┤┐═25═╝╞м/Screenshot_20251016_092337.jpg,2800,1260,横版,5,数据驾驶舱/地图看板,整页或半页大屏数据图，强调地图、指标、趋势，外围不堆文字。,S8模型②右侧沙盘、S11智投四屏驾驶舱。
119,┤┤┐═25═╝╞м/Screenshot_20251016_142431.jpg,1260,2800,竖版,7,竖屏实拍/录像界面,更偏过程记录和实拍，不适合作为决赛主版式。,不直接使用；仅借鉴“关键操作截图+标注线”方法。
120,┤┤┐═25═╝╞м/Screenshot_20251016_091934.jpg,2800,1260,横版,3,现场大屏单中心构图,远距离可读：一页一个中心观点，大标题+一个主图/主流程，文字极少。,S3根因、S9视频转场、S15结尾：只留一句核心判断。
121,┤┤┐═25═╝╞м/Screenshot_20251016_112954.jpg,2800,1260,横版,5,数据驾驶舱/地图看板,整页或半页大屏数据图，强调地图、指标、趋势，外围不堆文字。,S8模型②右侧沙盘、S11智投四屏驾驶舱。
122,┤┤┐═25═╝╞м/Screenshot_20251016_105104.jpg,2800,1260,横版,8,比赛舞台超简洁页,标题大、图形少、核心词大；舞台远距识别优先。,S1封面、S2三痛点、S9视频、S15收口。
123,┤┤┐═25═╝╞м/Screenshot_20251016_110750.jpg,2800,1260,横版,6,蓝色证据页+大白卡,一侧深蓝逻辑，一侧大面积白色后台/证书/公式；证据比装饰更重要。,S7模型①右侧管理后台、S12智管右侧工单/档案。
124,┤┤┐═25═╝╞м/Screenshot_20251016_091924.jpg,2800,1260,横版,3,现场大屏单中心构图,远距离可读：一页一个中心观点，大标题+一个主图/主流程，文字极少。,S3根因、S9视频转场、S15结尾：只留一句核心判断。
125,┤┤┐═25═╝╞м/Screenshot_20251016_105919.jpg,2800,1260,横版,4,深蓝科技三步流,青蓝发光线、编号圆点、三步纵向/横向流程、少量绿色/青色功能胶囊。,S6一库、S7模型①、S8模型②、S10智用、S12智管：统一三步法。
126,┤┤┐═25═╝╞м/IMG_20251016_090804.jpg,4096,3072,横版,11,办公屏幕/Excel实拍,信息真实但视觉噪声大，适合备份证据，不适合主舞台。,不用于主PPT；只保留后台真实截图作为可信度证据。
127,┤┤┐═25═╝╞м/Screenshot_20251016_095345.jpg,1260,2800,竖版,7,竖屏实拍/录像界面,更偏过程记录和实拍，不适合作为决赛主版式。,不直接使用；仅借鉴“关键操作截图+标注线”方法。
128,┤┤┐═25═╝╞м/Screenshot_20251016_100530.jpg,2800,1260,横版,4,深蓝科技三步流,青蓝发光线、编号圆点、三步纵向/横向流程、少量绿色/青色功能胶囊。,S6一库、S7模型①、S8模型②、S10智用、S12智管：统一三步法。
129,┤┤┐═25═╝╞м/Screenshot_20251016_153048.jpg,2800,1260,横版,4,深蓝科技三步流,青蓝发光线、编号圆点、三步纵向/横向流程、少量绿色/青色功能胶囊。,S6一库、S7模型①、S8模型②、S10智用、S12智管：统一三步法。
130,┤┤┐═25═╝╞м/Screenshot_20251016_084526.jpg,2800,1260,横版,3,现场大屏单中心构图,远距离可读：一页一个中心观点，大标题+一个主图/主流程，文字极少。,S3根因、S9视频转场、S15结尾：只留一句核心判断。
131,┤┤┐═25═╝╞м/Screenshot_20251016_095503.jpg,1260,2800,竖版,1,竖屏录屏/手机截图,竖屏信息密度高，适合做素材而非整页版式；应裁切关键区域。,未直接套版；只借鉴“手机界面只露关键步骤”，用于S6、S10。
132,┤┤┐═25═╝╞м/Screenshot_20251016_095722.jpg,2800,1260,横版,5,数据驾驶舱/地图看板,整页或半页大屏数据图，强调地图、指标、趋势，外围不堆文字。,S8模型②右侧沙盘、S11智投四屏驾驶舱。
133,┤┤┐═25═╝╞м/Screenshot_20251016_084523.jpg,2800,1260,横版,3,现场大屏单中心构图,远距离可读：一页一个中心观点，大标题+一个主图/主流程，文字极少。,S3根因、S9视频转场、S15结尾：只留一句核心判断。
134,┤┤┐═25═╝╞м/Screenshot_20251016_113655.jpg,2800,1260,横版,6,蓝色证据页+大白卡,一侧深蓝逻辑，一侧大面积白色后台/证书/公式；证据比装饰更重要。,S7模型①右侧管理后台、S12智管右侧工单/档案。
135,┤┤┐═25═╝╞м/Screenshot_20251016_110212.jpg,2800,1260,横版,4,深蓝科技三步流,青蓝发光线、编号圆点、三步纵向/横向流程、少量绿色/青色功能胶囊。,S6一库、S7模型①、S8模型②、S10智用、S12智管：统一三步法。
136,┤┤┐═25═╝╞м/Screenshot_20251016_114016.jpg,2800,1260,横版,6,蓝色证据页+大白卡,一侧深蓝逻辑，一侧大面积白色后台/证书/公式；证据比装饰更重要。,S7模型①右侧管理后台、S12智管右侧工单/档案。
137,┤┤┐═25═╝╞м/Screenshot_20251016_090143.jpg,2800,1260,横版,9,深蓝模块化流程/环形图,模块框、箭头、环形关系、亮青边框；复杂内容被压成模块。,S4“1234”、S5总体蓝图、S14创新双栏。
138,┤┤┐═25═╝╞м/Screenshot_20251016_141457.jpg,1260,2800,竖版,7,竖屏实拍/录像界面,更偏过程记录和实拍，不适合作为决赛主版式。,不直接使用；仅借鉴“关键操作截图+标注线”方法。
139,┤┤┐═25═╝╞м/Screenshot_20251016_144132.jpg,1260,2800,竖版,7,竖屏实拍/录像界面,更偏过程记录和实拍，不适合作为决赛主版式。,不直接使用；仅借鉴“关键操作截图+标注线”方法。
140,┤┤┐═25═╝╞м/Screenshot_20251016_111912.jpg,2800,1260,横版,4,深蓝科技三步流,青蓝发光线、编号圆点、三步纵向/横向流程、少量绿色/青色功能胶囊。,S6一库、S7模型①、S8模型②、S10智用、S12智管：统一三步法。
141,┤┤┐═25═╝╞м/Screenshot_20251016_111940.jpg,2800,1260,横版,4,深蓝科技三步流,青蓝发光线、编号圆点、三步纵向/横向流程、少量绿色/青色功能胶囊。,S6一库、S7模型①、S8模型②、S10智用、S12智管：统一三步法。
142,┤┤┐═25═╝╞м/Screenshot_20251016_095754.jpg,2800,1260,横版,5,数据驾驶舱/地图看板,整页或半页大屏数据图，强调地图、指标、趋势，外围不堆文字。,S8模型②右侧沙盘、S11智投四屏驾驶舱。
143,┤┤┐═25═╝╞м/Screenshot_20251016_153216.jpg,2800,1260,横版,4,深蓝科技三步流,青蓝发光线、编号圆点、三步纵向/横向流程、少量绿色/青色功能胶囊。,S6一库、S7模型①、S8模型②、S10智用、S12智管：统一三步法。
144,┤┤┐═25═╝╞м/Screenshot_20251016_110450.jpg,2800,1260,横版,4,深蓝科技三步流,青蓝发光线、编号圆点、三步纵向/横向流程、少量绿色/青色功能胶囊。,S6一库、S7模型①、S8模型②、S10智用、S12智管：统一三步法。
145,┤┤┐═25═╝╞м/Screenshot_20251016_114818.jpg,1260,2800,竖版,1,竖屏录屏/手机截图,竖屏信息密度高，适合做素材而非整页版式；应裁切关键区域。,未直接套版；只借鉴“手机界面只露关键步骤”，用于S6、S10。
146,┤┤┐═25═╝╞м/Screenshot_20251016_084721.jpg,2800,1260,横版,6,蓝色证据页+大白卡,一侧深蓝逻辑，一侧大面积白色后台/证书/公式；证据比装饰更重要。,S7模型①右侧管理后台、S12智管右侧工单/档案。
147,┤┤┐═25═╝╞м/Screenshot_20251016_103240.jpg,1260,2800,竖版,1,竖屏录屏/手机截图,竖屏信息密度高，适合做素材而非整页版式；应裁切关键区域。,未直接套版；只借鉴“手机界面只露关键步骤”，用于S6、S10。
148,┤┤┐═25═╝╞м/Screenshot_20251016_090226.jpg,2800,1260,横版,4,深蓝科技三步流,青蓝发光线、编号圆点、三步纵向/横向流程、少量绿色/青色功能胶囊。,S6一库、S7模型①、S8模型②、S10智用、S12智管：统一三步法。
149,┤┤┐═25═╝╞м/Screenshot_20251016_110243.jpg,2800,1260,横版,4,深蓝科技三步流,青蓝发光线、编号圆点、三步纵向/横向流程、少量绿色/青色功能胶囊。,S6一库、S7模型①、S8模型②、S10智用、S12智管：统一三步法。
150,┤┤┐═25═╝╞м/Screenshot_20251016_084700.jpg,2800,1260,横版,4,深蓝科技三步流,青蓝发光线、编号圆点、三步纵向/横向流程、少量绿色/青色功能胶囊。,S6一库、S7模型①、S8模型②、S10智用、S12智管：统一三步法。
151,┤┤┐═25═╝╞м/Screenshot_20251016_091830.jpg,2800,1260,横版,9,深蓝模块化流程/环形图,模块框、箭头、环形关系、亮青边框；复杂内容被压成模块。,S4“1234”、S5总体蓝图、S14创新双栏。
152,┤┤┐═25═╝╞м/Screenshot_20251016_105753.jpg,2800,1260,横版,8,比赛舞台超简洁页,标题大、图形少、核心词大；舞台远距识别优先。,S1封面、S2三痛点、S9视频、S15收口。
153,┤┤┐═25═╝╞м/Screenshot_20251016_094559.jpg,2800,1260,横版,6,蓝色证据页+大白卡,一侧深蓝逻辑，一侧大面积白色后台/证书/公式；证据比装饰更重要。,S7模型①右侧管理后台、S12智管右侧工单/档案。
154,┤┤┐═25═╝╞м/Screenshot_20251016_084601.jpg,2800,1260,横版,6,蓝色证据页+大白卡,一侧深蓝逻辑，一侧大面积白色后台/证书/公式；证据比装饰更重要。,S7模型①右侧管理后台、S12智管右侧工单/档案。
155,┤┤┐═25═╝╞м/Screenshot_20251016_112748.jpg,2800,1260,横版,6,蓝色证据页+大白卡,一侧深蓝逻辑，一侧大面积白色后台/证书/公式；证据比装饰更重要。,S7模型①右侧管理后台、S12智管右侧工单/档案。
156,┤┤┐═25═╝╞м/Screenshot_20251016_104018.jpg,2800,1260,横版,10,蓝青高质感组件页,蓝青渐变框、玻璃态卡片、发光描边、黄字小题签、白/青大标题。,S2三痛点直接复用原生组件；S4方案卡、S9转场框、S13成效卡统一风格。
157,┤┤┐═25═╝╞м/Screenshot_20251016_105246.jpg,2800,1260,横版,8,比赛舞台超简洁页,标题大、图形少、核心词大；舞台远距识别优先。,S1封面、S2三痛点、S9视频、S15收口。
158,┤┤┐═25═╝╞м/Screenshot_20251016_141404.jpg,1260,2800,竖版,1,竖屏录屏/手机截图,竖屏信息密度高，适合做素材而非整页版式；应裁切关键区域。,未直接套版；只借鉴“手机界面只露关键步骤”，用于S6、S10。
159,┤┤┐═25═╝╞м/Screenshot_20251016_091735.jpg,2800,1260,横版,4,深蓝科技三步流,青蓝发光线、编号圆点、三步纵向/横向流程、少量绿色/青色功能胶囊。,S6一库、S7模型①、S8模型②、S10智用、S12智管：统一三步法。
160,┤┤┐═25═╝╞м/Screenshot_20251016_095418.jpg,1260,2800,竖版,7,竖屏实拍/录像界面,更偏过程记录和实拍，不适合作为决赛主版式。,不直接使用；仅借鉴“关键操作截图+标注线”方法。
161,┤┤┐═25═╝╞м/Screenshot_20251016_111850.jpg,2800,1260,横版,4,深蓝科技三步流,青蓝发光线、编号圆点、三步纵向/横向流程、少量绿色/青色功能胶囊。,S6一库、S7模型①、S8模型②、S10智用、S12智管：统一三步法。
162,┤┤┐═25═╝╞м/Screenshot_20251016_105330.jpg,2800,1260,横版,10,蓝青高质感组件页,蓝青渐变框、玻璃态卡片、发光描边、黄字小题签、白/青大标题。,S2三痛点直接复用原生组件；S4方案卡、S9转场框、S13成效卡统一风格。
163,┤┤┐═25═╝╞м/Screenshot_20251016_104213.jpg,2800,1260,横版,10,蓝青高质感组件页,蓝青渐变框、玻璃态卡片、发光描边、黄字小题签、白/青大标题。,S2三痛点直接复用原生组件；S4方案卡、S9转场框、S13成效卡统一风格。
164,┤┤┐═25═╝╞м/Screenshot_20251016_090547.jpg,1260,2800,竖版,1,竖屏录屏/手机截图,竖屏信息密度高，适合做素材而非整页版式；应裁切关键区域。,未直接套版；只借鉴“手机界面只露关键步骤”，用于S6、S10。
165,┤┤┐═25═╝╞м/Screenshot_20251016_084855.jpg,2800,1260,横版,6,蓝色证据页+大白卡,一侧深蓝逻辑，一侧大面积白色后台/证书/公式；证据比装饰更重要。,S7模型①右侧管理后台、S12智管右侧工单/档案。
166,┤┤┐═25═╝╞м/Screenshot_20251016_104936.jpg,2800,1260,横版,8,比赛舞台超简洁页,标题大、图形少、核心词大；舞台远距识别优先。,S1封面、S2三痛点、S9视频、S15收口。
167,┤┤┐═25═╝╞м/Screenshot_20251016_104115.jpg,2800,1260,横版,10,蓝青高质感组件页,蓝青渐变框、玻璃态卡片、发光描边、黄字小题签、白/青大标题。,S2三痛点直接复用原生组件；S4方案卡、S9转场框、S13成效卡统一风格。
168,┤┤┐═25═╝╞м/Screenshot_20251016_091704.jpg,2800,1260,横版,4,深蓝科技三步流,青蓝发光线、编号圆点、三步纵向/横向流程、少量绿色/青色功能胶囊。,S6一库、S7模型①、S8模型②、S10智用、S12智管：统一三步法。
169,┤┤┐═25═╝╞м/Screenshot_20251016_100246.jpg,2800,1260,横版,3,现场大屏单中心构图,远距离可读：一页一个中心观点，大标题+一个主图/主流程，文字极少。,S3根因、S9视频转场、S15结尾：只留一句核心判断。
170,┤┤┐═25═╝╞м/Screenshot_20251016_090630.jpg,1260,2800,竖版,1,竖屏录屏/手机截图,竖屏信息密度高，适合做素材而非整页版式；应裁切关键区域。,未直接套版；只借鉴“手机界面只露关键步骤”，用于S6、S10。
171,┤┤┐═25═╝╞м/Screenshot_20251016_111832.jpg,2800,1260,横版,9,深蓝模块化流程/环形图,模块框、箭头、环形关系、亮青边框；复杂内容被压成模块。,S4“1234”、S5总体蓝图、S14创新双栏。
172,┤┤┐═25═╝╞м/Screenshot_20251016_085213.jpg,2800,1260,横版,3,现场大屏单中心构图,远距离可读：一页一个中心观点，大标题+一个主图/主流程，文字极少。,S3根因、S9视频转场、S15结尾：只留一句核心判断。
173,┤┤┐═25═╝╞м/Screenshot_20251016_085536.jpg,2800,1260,横版,10,蓝青高质感组件页,蓝青渐变框、玻璃态卡片、发光描边、黄字小题签、白/青大标题。,S2三痛点直接复用原生组件；S4方案卡、S9转场框、S13成效卡统一风格。
174,┤┤┐═25═╝╞м/Screenshot_20251016_095545.jpg,1260,2800,竖版,1,竖屏录屏/手机截图,竖屏信息密度高，适合做素材而非整页版式；应裁切关键区域。,未直接套版；只借鉴“手机界面只露关键步骤”，用于S6、S10。
175,┤┤┐═25═╝╞м/Screenshot_20251016_084558.jpg,2800,1260,横版,6,蓝色证据页+大白卡,一侧深蓝逻辑，一侧大面积白色后台/证书/公式；证据比装饰更重要。,S7模型①右侧管理后台、S12智管右侧工单/档案。
176,┤┤┐═25═╝╞м/Screenshot_20251016_092431.jpg,2800,1260,横版,5,数据驾驶舱/地图看板,整页或半页大屏数据图，强调地图、指标、趋势，外围不堆文字。,S8模型②右侧沙盘、S11智投四屏驾驶舱。
177,┤┤┐═25═╝╞м/Screenshot_20251016_083133.jpg,1260,2800,竖版,1,竖屏录屏/手机截图,竖屏信息密度高，适合做素材而非整页版式；应裁切关键区域。,未直接套版；只借鉴“手机界面只露关键步骤”，用于S6、S10。
178,┤┤┐═25═╝╞м/Screenshot_20251016_100137.jpg,2800,1260,横版,4,深蓝科技三步流,青蓝发光线、编号圆点、三步纵向/横向流程、少量绿色/青色功能胶囊。,S6一库、S7模型①、S8模型②、S10智用、S12智管：统一三步法。
179,┤┤┐═25═╝╞м/Screenshot_20251016_103647.jpg,2800,1260,横版,8,比赛舞台超简洁页,标题大、图形少、核心词大；舞台远距识别优先。,S1封面、S2三痛点、S9视频、S15收口。
180,┤┤┐═25═╝╞м/Screenshot_20251016_091323.jpg,2800,1260,横版,2,蓝色舞台框+浅色证据卡,深蓝背景中嵌一张高亮白/浅卡，视觉中心清晰，外围少量标签。,S7模型①、S12智管：后台截图集中为一个证据区，左侧保留三步法。
181,┤┤┐═25═╝╞м/Screenshot_20251016_091409.jpg,2800,1260,横版,9,深蓝模块化流程/环形图,模块框、箭头、环形关系、亮青边框；复杂内容被压成模块。,S4“1234”、S5总体蓝图、S14创新双栏。
182,┤┤┐═25═╝╞м/Screenshot_20251016_162645.jpg,2800,1260,横版,4,深蓝科技三步流,青蓝发光线、编号圆点、三步纵向/横向流程、少量绿色/青色功能胶囊。,S6一库、S7模型①、S8模型②、S10智用、S12智管：统一三步法。
183,┤┤┐═25═╝╞м/Screenshot_20251016_095222.jpg,1260,2800,竖版,1,竖屏录屏/手机截图,竖屏信息密度高，适合做素材而非整页版式；应裁切关键区域。,未直接套版；只借鉴“手机界面只露关键步骤”，用于S6、S10。
184,┤┤┐═25═╝╞м/Screenshot_20251016_104854.jpg,2800,1260,横版,8,比赛舞台超简洁页,标题大、图形少、核心词大；舞台远距识别优先。,S1封面、S2三痛点、S9视频、S15收口。
185,┤┤┐═25═╝╞м/Screenshot_20251016_163127.jpg,2800,1260,横版,9,深蓝模块化流程/环形图,模块框、箭头、环形关系、亮青边框；复杂内容被压成模块。,S4“1234”、S5总体蓝图、S14创新双栏。
186,┤┤┐═25═╝╞м/Screenshot_20251016_105220.jpg,2800,1260,横版,8,比赛舞台超简洁页,标题大、图形少、核心词大；舞台远距识别优先。,S1封面、S2三痛点、S9视频、S15收口。
187,┤┤┐═25═╝╞м/Screenshot_20251016_103457.jpg,2800,1260,横版,9,深蓝模块化流程/环形图,模块框、箭头、环形关系、亮青边框；复杂内容被压成模块。,S4“1234”、S5总体蓝图、S14创新双栏。
188,┤┤┐═25═╝╞м/Screenshot_20251016_104637.jpg,2800,1260,横版,10,蓝青高质感组件页,蓝青渐变框、玻璃态卡片、发光描边、黄字小题签、白/青大标题。,S2三痛点直接复用原生组件；S4方案卡、S9转场框、S13成效卡统一风格。
189,┤┤┐═25═╝╞м/Screenshot_20251016_084530.jpg,2800,1260,横版,3,现场大屏单中心构图,远距离可读：一页一个中心观点，大标题+一个主图/主流程，文字极少。,S3根因、S9视频转场、S15结尾：只留一句核心判断。
190,┤┤┐═25═╝╞м/Screenshot_20251016_104722.jpg,2800,1260,横版,8,比赛舞台超简洁页,标题大、图形少、核心词大；舞台远距识别优先。,S1封面、S2三痛点、S9视频、S15收口。
191,┤┤┐═25═╝╞м/Screenshot_20251016_095255.jpg,1260,2800,竖版,7,竖屏实拍/录像界面,更偏过程记录和实拍，不适合作为决赛主版式。,不直接使用；仅借鉴“关键操作截图+标注线”方法。
192,┤┤┐═25═╝╞м/Screenshot_20251016_090520.jpg,1260,2800,竖版,1,竖屏录屏/手机截图,竖屏信息密度高，适合做素材而非整页版式；应裁切关键区域。,未直接套版；只借鉴“手机界面只露关键步骤”，用于S6、S10。
193,┤┤┐═25═╝╞м/Screenshot_20251016_085619.jpg,1260,2800,竖版,1,竖屏录屏/手机截图,竖屏信息密度高，适合做素材而非整页版式；应裁切关键区域。,未直接套版；只借鉴“手机界面只露关键步骤”，用于S6、S10。
194,┤┤┐═25═╝╞м/Screenshot_20251016_085301.jpg,2800,1260,横版,3,现场大屏单中心构图,远距离可读：一页一个中心观点，大标题+一个主图/主流程，文字极少。,S3根因、S9视频转场、S15结尾：只留一句核心判断。
195,┤┤┐═25═╝╞м/Screenshot_20251016_103216.jpg,1260,2800,竖版,7,竖屏实拍/录像界面,更偏过程记录和实拍，不适合作为决赛主版式。,不直接使用；仅借鉴“关键操作截图+标注线”方法。
196,┤┤┐═25═╝╞м/Screenshot_20251016_112906.jpg,2800,1260,横版,5,数据驾驶舱/地图看板,整页或半页大屏数据图，强调地图、指标、趋势，外围不堆文字。,S8模型②右侧沙盘、S11智投四屏驾驶舱。
197,┤┤┐═25═╝╞м/Screenshot_20251016_090003.jpg,2800,1260,横版,3,现场大屏单中心构图,远距离可读：一页一个中心观点，大标题+一个主图/主流程，文字极少。,S3根因、S9视频转场、S15结尾：只留一句核心判断。
198,┤┤┐═25═╝╞м/Screenshot_20251016_110133.jpg,2800,1260,横版,4,深蓝科技三步流,青蓝发光线、编号圆点、三步纵向/横向流程、少量绿色/青色功能胶囊。,S6一库、S7模型①、S8模型②、S10智用、S12智管：统一三步法。
199,┤┤┐═25═╝╞м/Screenshot_20251016_153240.jpg,2800,1260,横版,9,深蓝模块化流程/环形图,模块框、箭头、环形关系、亮青边框；复杂内容被压成模块。,S4“1234”、S5总体蓝图、S14创新双栏。
200,┤┤┐═25═╝╞м/Screenshot_20251016_163935.jpg,2800,1260,横版,9,深蓝模块化流程/环形图,模块框、箭头、环形关系、亮青边框；复杂内容被压成模块。,S4“1234”、S5总体蓝图、S14创新双栏。
201,┤┤┐═25═╝╞м/Screenshot_20251016_163219.jpg,2800,1260,横版,9,深蓝模块化流程/环形图,模块框、箭头、环形关系、亮青边框；复杂内容被压成模块。,S4“1234”、S5总体蓝图、S14创新双栏。
202,┤┤┐═25═╝╞м/Screenshot_20251016_151827.jpg,2800,1260,横版,9,深蓝模块化流程/环形图,模块框、箭头、环形关系、亮青边框；复杂内容被压成模块。,S4“1234”、S5总体蓝图、S14创新双栏。
203,┤┤┐═25═╝╞м/Screenshot_20251016_093319.jpg,2800,1260,横版,4,深蓝科技三步流,青蓝发光线、编号圆点、三步纵向/横向流程、少量绿色/青色功能胶囊。,S6一库、S7模型①、S8模型②、S10智用、S12智管：统一三步法。
204,┤┤┐═25═╝╞м/Screenshot_20251016_163025.jpg,2800,1260,横版,4,深蓝科技三步流,青蓝发光线、编号圆点、三步纵向/横向流程、少量绿色/青色功能胶囊。,S6一库、S7模型①、S8模型②、S10智用、S12智管：统一三步法。
205,┤┤┐═25═╝╞м/Screenshot_20251016_113013.jpg,2800,1260,横版,0,轻色产品界面+实机/手机实景,白/浅色产品UI作为证据主体，配手机或实景外壳；不做大面积装饰。,S6一库见底、S10智用：真实小程序/报修界面放进深蓝母版；只把UI当证据，不改变母版。
206,┤┤┐═25═╝╞м/Screenshot_20251016_095026.jpg,1260,2800,竖版,7,竖屏实拍/录像界面,更偏过程记录和实拍，不适合作为决赛主版式。,不直接使用；仅借鉴“关键操作截图+标注线”方法。
207,┤┤┐═25═╝╞м/Screenshot_20251016_091553.jpg,2800,1260,横版,9,深蓝模块化流程/环形图,模块框、箭头、环形关系、亮青边框；复杂内容被压成模块。,S4“1234”、S5总体蓝图、S14创新双栏。
208,┤┤┐═25═╝╞м/Screenshot_20251016_085721.jpg,2800,1260,横版,3,现场大屏单中心构图,远距离可读：一页一个中心观点，大标题+一个主图/主流程，文字极少。,S3根因、S9视频转场、S15结尾：只留一句核心判断。
209,┤┤┐═25═╝╞м/Screenshot_20251016_141644.jpg,1260,2800,竖版,1,竖屏录屏/手机截图,竖屏信息密度高，适合做素材而非整页版式；应裁切关键区域。,未直接套版；只借鉴“手机界面只露关键步骤”，用于S6、S10。
210,┤┤┐═25═╝╞м/Screenshot_20251016_090606.jpg,1260,2800,竖版,1,竖屏录屏/手机截图,竖屏信息密度高，适合做素材而非整页版式；应裁切关键区域。,未直接套版；只借鉴“手机界面只露关键步骤”，用于S6、S10。
211,┤┤┐═25═╝╞м/Screenshot_20251016_143203.jpg,1260,2800,竖版,1,竖屏录屏/手机截图,竖屏信息密度高，适合做素材而非整页版式；应裁切关键区域。,未直接套版；只借鉴“手机界面只露关键步骤”，用于S6、S10。
212,┤┤┐═25═╝╞м/Screenshot_20251016_100106.jpg,2800,1260,横版,4,深蓝科技三步流,青蓝发光线、编号圆点、三步纵向/横向流程、少量绿色/青色功能胶囊。,S6一库、S7模型①、S8模型②、S10智用、S12智管：统一三步法。
213,┤┤┐═25═╝╞м/Screenshot_20251016_104411.jpg,2800,1260,横版,4,深蓝科技三步流,青蓝发光线、编号圆点、三步纵向/横向流程、少量绿色/青色功能胶囊。,S6一库、S7模型①、S8模型②、S10智用、S12智管：统一三步法。
214,┤┤┐═25═╝╞м/Screenshot_20251016_085450.jpg,2800,1260,横版,4,深蓝科技三步流,青蓝发光线、编号圆点、三步纵向/横向流程、少量绿色/青色功能胶囊。,S6一库、S7模型①、S8模型②、S10智用、S12智管：统一三步法。
215,┤┤┐═25═╝╞м/Screenshot_20251016_104259.jpg,2800,1260,横版,10,蓝青高质感组件页,蓝青渐变框、玻璃态卡片、发光描边、黄字小题签、白/青大标题。,S2三痛点直接复用原生组件；S4方案卡、S9转场框、S13成效卡统一风格。
216,┤┤┐═25═╝╞м/Screenshot_20251016_112724.jpg,2800,1260,横版,6,蓝色证据页+大白卡,一侧深蓝逻辑，一侧大面积白色后台/证书/公式；证据比装饰更重要。,S7模型①右侧管理后台、S12智管右侧工单/档案。
217,┤┤┐═25═╝╞м/Screenshot_20251016_143134.jpg,1260,2800,竖版,1,竖屏录屏/手机截图,竖屏信息密度高，适合做素材而非整页版式；应裁切关键区域。,未直接套版；只借鉴“手机界面只露关键步骤”，用于S6、S10。
218,┤┤┐═25═╝╞м/Screenshot_20251016_104837.jpg,2800,1260,横版,2,蓝色舞台框+浅色证据卡,深蓝背景中嵌一张高亮白/浅卡，视觉中心清晰，外围少量标签。,S7模型①、S12智管：后台截图集中为一个证据区，左侧保留三步法。
219,┤┤┐═25═╝╞м/Screenshot_20251016_141446.jpg,1260,2800,竖版,7,竖屏实拍/录像界面,更偏过程记录和实拍，不适合作为决赛主版式。,不直接使用；仅借鉴“关键操作截图+标注线”方法。
220,┤┤┐═25═╝╞м/Screenshot_20251016_091614.jpg,2800,1260,横版,9,深蓝模块化流程/环形图,模块框、箭头、环形关系、亮青边框；复杂内容被压成模块。,S4“1234”、S5总体蓝图、S14创新双栏。
221,┤┤┐═25═╝╞м/Screenshot_20251016_092644.jpg,2800,1260,横版,10,蓝青高质感组件页,蓝青渐变框、玻璃态卡片、发光描边、黄字小题签、白/青大标题。,S2三痛点直接复用原生组件；S4方案卡、S9转场框、S13成效卡统一风格。
222,┤┤┐═25═╝╞м/Screenshot_20251016_171232.jpg,2800,1260,横版,10,蓝青高质感组件页,蓝青渐变框、玻璃态卡片、发光描边、黄字小题签、白/青大标题。,S2三痛点直接复用原生组件；S4方案卡、S9转场框、S13成效卡统一风格。
223,┤┤┐═25═╝╞м/Screenshot_20251016_143110.jpg,1260,2800,竖版,1,竖屏录屏/手机截图,竖屏信息密度高，适合做素材而非整页版式；应裁切关键区域。,未直接套版；只借鉴“手机界面只露关键步骤”，用于S6、S10。
224,┤┤┐═25═╝╞м/Screenshot_20251016_113420.jpg,2800,1260,横版,6,蓝色证据页+大白卡,一侧深蓝逻辑，一侧大面积白色后台/证书/公式；证据比装饰更重要。,S7模型①右侧管理后台、S12智管右侧工单/档案。
225,┤┤┐═25═╝╞м/Screenshot_20251016_090127.jpg,2800,1260,横版,4,深蓝科技三步流,青蓝发光线、编号圆点、三步纵向/横向流程、少量绿色/青色功能胶囊。,S6一库、S7模型①、S8模型②、S10智用、S12智管：统一三步法。
226,┤┤┐═25═╝╞м/Screenshot_20251016_153435.jpg,2800,1260,横版,9,深蓝模块化流程/环形图,模块框、箭头、环形关系、亮青边框；复杂内容被压成模块。,S4“1234”、S5总体蓝图、S14创新双栏。
227,┤┤┐═25═╝╞м/Screenshot_20251016_112535.jpg,2800,1260,横版,6,蓝色证据页+大白卡,一侧深蓝逻辑，一侧大面积白色后台/证书/公式；证据比装饰更重要。,S7模型①右侧管理后台、S12智管右侧工单/档案。
228,┤┤┐═25═╝╞м/Screenshot_20251016_085440.jpg,2800,1260,横版,5,数据驾驶舱/地图看板,整页或半页大屏数据图，强调地图、指标、趋势，外围不堆文字。,S8模型②右侧沙盘、S11智投四屏驾驶舱。
229,┤┤┐═25═╝╞м/Screenshot_20251016_091535.jpg,2800,1260,横版,9,深蓝模块化流程/环形图,模块框、箭头、环形关系、亮青边框；复杂内容被压成模块。,S4“1234”、S5总体蓝图、S14创新双栏。
230,┤┤┐═25═╝╞м/Screenshot_20251016_084706.jpg,2800,1260,横版,3,现场大屏单中心构图,远距离可读：一页一个中心观点，大标题+一个主图/主流程，文字极少。,S3根因、S9视频转场、S15结尾：只留一句核心判断。
231,┤┤┐═25═╝╞м/Screenshot_20251016_115314.jpg,1260,2800,竖版,1,竖屏录屏/手机截图,竖屏信息密度高，适合做素材而非整页版式；应裁切关键区域。,未直接套版；只借鉴“手机界面只露关键步骤”，用于S6、S10。
232,┤┤┐═25═╝╞м/Screenshot_20251016_113512.jpg,2800,1260,横版,6,蓝色证据页+大白卡,一侧深蓝逻辑，一侧大面积白色后台/证书/公式；证据比装饰更重要。,S7模型①右侧管理后台、S12智管右侧工单/档案。
233,┤┤┐═25═╝╞м/Screenshot_20251016_091849.jpg,2800,1260,横版,9,深蓝模块化流程/环形图,模块框、箭头、环形关系、亮青边框；复杂内容被压成模块。,S4“1234”、S5总体蓝图、S14创新双栏。
234,┤┤┐═25═╝╞м/Screenshot_20251016_091512.jpg,2800,1260,横版,9,深蓝模块化流程/环形图,模块框、箭头、环形关系、亮青边框；复杂内容被压成模块。,S4“1234”、S5总体蓝图、S14创新双栏。
235,┤┤┐═25═╝╞м/Screenshot_20251016_110004.jpg,2800,1260,横版,8,比赛舞台超简洁页,标题大、图形少、核心词大；舞台远距识别优先。,S1封面、S2三痛点、S9视频、S15收口。
236,┤┤┐═25═╝╞м/Screenshot_20251016_092909.jpg,2800,1260,横版,0,轻色产品界面+实机/手机实景,白/浅色产品UI作为证据主体，配手机或实景外壳；不做大面积装饰。,S6一库见底、S10智用：真实小程序/报修界面放进深蓝母版；只把UI当证据，不改变母版。
237,┤┤┐═25═╝╞м/Screenshot_20251016_113423.jpg,2800,1260,横版,6,蓝色证据页+大白卡,一侧深蓝逻辑，一侧大面积白色后台/证书/公式；证据比装饰更重要。,S7模型①右侧管理后台、S12智管右侧工单/档案。
238,┤┤┐═25═╝╞м/Screenshot_20251016_085816.jpg,2800,1260,横版,3,现场大屏单中心构图,远距离可读：一页一个中心观点，大标题+一个主图/主流程，文字极少。,S3根因、S9视频转场、S15结尾：只留一句核心判断。
239,┤┤┐═25═╝╞м/Screenshot_20251016_145322.jpg,1260,2800,竖版,1,竖屏录屏/手机截图,竖屏信息密度高，适合做素材而非整页版式；应裁切关键区域。,未直接套版；只借鉴“手机界面只露关键步骤”，用于S6、S10。
240,┤┤┐═25═╝╞м/Screenshot_20251016_165724.jpg,2800,1260,横版,6,蓝色证据页+大白卡,一侧深蓝逻辑，一侧大面积白色后台/证书/公式；证据比装饰更重要。,S7模型①右侧管理后台、S12智管右侧工单/档案。
241,┤┤┐═25═╝╞м/Screenshot_20251016_092055.jpg,2800,1260,横版,3,现场大屏单中心构图,远距离可读：一页一个中心观点，大标题+一个主图/主流程，文字极少。,S3根因、S9视频转场、S15结尾：只留一句核心判断。
242,┤┤┐═25═╝╞м/Screenshot_20251016_141307.jpg,1260,2800,竖版,1,竖屏录屏/手机截图,竖屏信息密度高，适合做素材而非整页版式；应裁切关键区域。,未直接套版；只借鉴“手机界面只露关键步骤”，用于S6、S10。
243,┤┤┐═25═╝╞м/Screenshot_20251016_091421.jpg,2800,1260,横版,9,深蓝模块化流程/环形图,模块框、箭头、环形关系、亮青边框；复杂内容被压成模块。,S4“1234”、S5总体蓝图、S14创新双栏。
244,┤┤┐═25═╝╞м/Screenshot_20251016_113156.jpg,2800,1260,横版,8,比赛舞台超简洁页,标题大、图形少、核心词大；舞台远距识别优先。,S1封面、S2三痛点、S9视频、S15收口。
245,┤┤┐═25═╝╞м/Screenshot_20251016_105826.jpg,2800,1260,横版,4,深蓝科技三步流,青蓝发光线、编号圆点、三步纵向/横向流程、少量绿色/青色功能胶囊。,S6一库、S7模型①、S8模型②、S10智用、S12智管：统一三步法。
246,┤┤┐═25═╝╞м/Screenshot_20251016_105205.jpg,2800,1260,横版,10,蓝青高质感组件页,蓝青渐变框、玻璃态卡片、发光描边、黄字小题签、白/青大标题。,S2三痛点直接复用原生组件；S4方案卡、S9转场框、S13成效卡统一风格。
247,┤┤┐═25═╝╞м/Screenshot_20251016_151014.jpg,1260,2800,竖版,1,竖屏录屏/手机截图,竖屏信息密度高，适合做素材而非整页版式；应裁切关键区域。,未直接套版；只借鉴“手机界面只露关键步骤”，用于S6、S10。
248,┤┤┐═25═╝╞м/Screenshot_20251016_084534.jpg,2800,1260,横版,3,现场大屏单中心构图,远距离可读：一页一个中心观点，大标题+一个主图/主流程，文字极少。,S3根因、S9视频转场、S15结尾：只留一句核心判断。
249,┤┤┐═25═╝╞м/Screenshot_20251016_090550.jpg,1260,2800,竖版,1,竖屏录屏/手机截图,竖屏信息密度高，适合做素材而非整页版式；应裁切关键区域。,未直接套版；只借鉴“手机界面只露关键步骤”，用于S6、S10。
250,┤┤┐═25═╝╞м/Screenshot_20251016_171312.jpg,2800,1260,横版,10,蓝青高质感组件页,蓝青渐变框、玻璃态卡片、发光描边、黄字小题签、白/青大标题。,S2三痛点直接复用原生组件；S4方案卡、S9转场框、S13成效卡统一风格。
251,┤┤┐═25═╝╞м/Screenshot_20251016_095216.jpg,1260,2800,竖版,7,竖屏实拍/录像界面,更偏过程记录和实拍，不适合作为决赛主版式。,不直接使用；仅借鉴“关键操作截图+标注线”方法。
252,┤┤┐═25═╝╞м/Screenshot_20251016_085318.jpg,2800,1260,横版,10,蓝青高质感组件页,蓝青渐变框、玻璃态卡片、发光描边、黄字小题签、白/青大标题。,S2三痛点直接复用原生组件；S4方案卡、S9转场框、S13成效卡统一风格。
253,┤┤┐═25═╝╞м/Screenshot_20251016_092543.jpg,2800,1260,横版,10,蓝青高质感组件页,蓝青渐变框、玻璃态卡片、发光描边、黄字小题签、白/青大标题。,S2三痛点直接复用原生组件；S4方案卡、S9转场框、S13成效卡统一风格。
254,┤┤┐═25═╝╞м/Screenshot_20251016_112949.jpg,2800,1260,横版,0,轻色产品界面+实机/手机实景,白/浅色产品UI作为证据主体，配手机或实景外壳；不做大面积装饰。,S6一库见底、S10智用：真实小程序/报修界面放进深蓝母版；只把UI当证据，不改变母版。
255,┤┤┐═25═╝╞м/Screenshot_20251016_085218.jpg,2800,1260,横版,10,蓝青高质感组件页,蓝青渐变框、玻璃态卡片、发光描边、黄字小题签、白/青大标题。,S2三痛点直接复用原生组件；S4方案卡、S9转场框、S13成效卡统一风格。
256,┤┤┐═25═╝╞м/Screenshot_20251016_100214.jpg,2800,1260,横版,9,深蓝模块化流程/环形图,模块框、箭头、环形关系、亮青边框；复杂内容被压成模块。,S4“1234”、S5总体蓝图、S14创新双栏。
257,┤┤┐═25═╝╞м/Screenshot_20251016_110120.jpg,2800,1260,横版,4,深蓝科技三步流,青蓝发光线、编号圆点、三步纵向/横向流程、少量绿色/青色功能胶囊。,S6一库、S7模型①、S8模型②、S10智用、S12智管：统一三步法。
258,┤┤┐═25═╝╞м/mmexport1760788926551.jpg,1582,941,横版,11,办公屏幕/Excel实拍,信息真实但视觉噪声大，适合备份证据，不适合主舞台。,不用于主PPT；只保留后台真实截图作为可信度证据。
259,┤┤┐═25═╝╞м/Screenshot_20251016_105950.jpg,2800,1260,横版,5,数据驾驶舱/地图看板,整页或半页大屏数据图，强调地图、指标、趋势，外围不堆文字。,S8模型②右侧沙盘、S11智投四屏驾驶舱。
260,┤┤┐═25═╝╞м/Screenshot_20251016_084543.jpg,2800,1260,横版,3,现场大屏单中心构图,远距离可读：一页一个中心观点，大标题+一个主图/主流程，文字极少。,S3根因、S9视频转场、S15结尾：只留一句核心判断。
261,┤┤┐═25═╝╞м/Screenshot_20251016_105402.jpg,2800,1260,横版,8,比赛舞台超简洁页,标题大、图形少、核心词大；舞台远距识别优先。,S1封面、S2三痛点、S9视频、S15收口。
262,┤┤┐═25═╝╞м/Screenshot_20251016_141837.jpg,1260,2800,竖版,1,竖屏录屏/手机截图,竖屏信息密度高，适合做素材而非整页版式；应裁切关键区域。,未直接套版；只借鉴“手机界面只露关键步骤”，用于S6、S10。
263,┤┤┐═25═╝╞м/Screenshot_20251016_111948.jpg,2800,1260,横版,9,深蓝模块化流程/环形图,模块框、箭头、环形关系、亮青边框；复杂内容被压成模块。,S4“1234”、S5总体蓝图、S14创新双栏。
264,┤┤┐═25═╝╞м/Screenshot_20251016_114221.jpg,2800,1260,横版,8,比赛舞台超简洁页,标题大、图形少、核心词大；舞台远距识别优先。,S1封面、S2三痛点、S9视频、S15收口。
265,┤┤┐═25═╝╞м/Screenshot_20251016_112635.jpg,2800,1260,横版,6,蓝色证据页+大白卡,一侧深蓝逻辑，一侧大面积白色后台/证书/公式；证据比装饰更重要。,S7模型①右侧管理后台、S12智管右侧工单/档案。
266,┤┤┐═25═╝╞м/Screenshot_20251016_103340.jpg,1260,2800,竖版,1,竖屏录屏/手机截图,竖屏信息密度高，适合做素材而非整页版式；应裁切关键区域。,未直接套版；只借鉴“手机界面只露关键步骤”，用于S6、S10。
267,┤┤┐═25═╝╞м/Screenshot_20251016_105508.jpg,2800,1260,横版,5,数据驾驶舱/地图看板,整页或半页大屏数据图，强调地图、指标、趋势，外围不堆文字。,S8模型②右侧沙盘、S11智投四屏驾驶舱。
268,┤┤┐═25═╝╞м/Screenshot_20251016_141435.jpg,1260,2800,竖版,7,竖屏实拍/录像界面,更偏过程记录和实拍，不适合作为决赛主版式。,不直接使用；仅借鉴“关键操作截图+标注线”方法。
269,┤┤┐═25═╝╞м/Screenshot_20251016_104532.jpg,2800,1260,横版,0,轻色产品界面+实机/手机实景,白/浅色产品UI作为证据主体，配手机或实景外壳；不做大面积装饰。,S6一库见底、S10智用：真实小程序/报修界面放进深蓝母版；只把UI当证据，不改变母版。
270,┤┤┐═25═╝╞м/Screenshot_20251016_171027.jpg,2800,1260,横版,10,蓝青高质感组件页,蓝青渐变框、玻璃态卡片、发光描边、黄字小题签、白/青大标题。,S2三痛点直接复用原生组件；S4方案卡、S9转场框、S13成效卡统一风格。
271,┤┤┐═25═╝╞м/Screenshot_20251016_093104.jpg,2800,1260,横版,4,深蓝科技三步流,青蓝发光线、编号圆点、三步纵向/横向流程、少量绿色/青色功能胶囊。,S6一库、S7模型①、S8模型②、S10智用、S12智管：统一三步法。
272,┤┤┐═25═╝╞м/Screenshot_20251016_112931.jpg,2800,1260,横版,5,数据驾驶舱/地图看板,整页或半页大屏数据图，强调地图、指标、趋势，外围不堆文字。,S8模型②右侧沙盘、S11智投四屏驾驶舱。
273,┤┤┐═25═╝╞м/IMG_20251016_090716.jpg,4096,3072,横版,11,办公屏幕/Excel实拍,信息真实但视觉噪声大，适合备份证据，不适合主舞台。,不用于主PPT；只保留后台真实截图作为可信度证据。
274,┤┤┐═25═╝╞м/Screenshot_20251016_105713.jpg,2800,1260,横版,4,深蓝科技三步流,青蓝发光线、编号圆点、三步纵向/横向流程、少量绿色/青色功能胶囊。,S6一库、S7模型①、S8模型②、S10智用、S12智管：统一三步法。
275,┤┤┐═25═╝╞м/Screenshot_20251016_095423.jpg,1260,2800,竖版,1,竖屏录屏/手机截图,竖屏信息密度高，适合做素材而非整页版式；应裁切关键区域。,未直接套版；只借鉴“手机界面只露关键步骤”，用于S6、S10。
276,┤┤┐═25═╝╞м/Screenshot_20251016_112256.jpg,2800,1260,横版,9,深蓝模块化流程/环形图,模块框、箭头、环形关系、亮青边框；复杂内容被压成模块。,S4“1234”、S5总体蓝图、S14创新双栏。
277,┤┤┐═25═╝╞м/Screenshot_20251016_100839.jpg,2800,1260,横版,4,深蓝科技三步流,青蓝发光线、编号圆点、三步纵向/横向流程、少量绿色/青色功能胶囊。,S6一库、S7模型①、S8模型②、S10智用、S12智管：统一三步法。
278,┤┤┐═25═╝╞м/Screenshot_20251016_085027.jpg,2800,1260,横版,3,现场大屏单中心构图,远距离可读：一页一个中心观点，大标题+一个主图/主流程，文字极少。,S3根因、S9视频转场、S15结尾：只留一句核心判断。
279,┤┤┐═25═╝╞м/Screenshot_20251016_112829.jpg,2800,1260,横版,2,蓝色舞台框+浅色证据卡,深蓝背景中嵌一张高亮白/浅卡，视觉中心清晰，外围少量标签。,S7模型①、S12智管：后台截图集中为一个证据区，左侧保留三步法。
280,┤┤┐═25═╝╞м/Screenshot_20251016_105520.jpg,2800,1260,横版,4,深蓝科技三步流,青蓝发光线、编号圆点、三步纵向/横向流程、少量绿色/青色功能胶囊。,S6一库、S7模型①、S8模型②、S10智用、S12智管：统一三步法。
281,┤┤┐═25═╝╞м/Screenshot_20251016_104617.jpg,2800,1260,横版,10,蓝青高质感组件页,蓝青渐变框、玻璃态卡片、发光描边、黄字小题签、白/青大标题。,S2三痛点直接复用原生组件；S4方案卡、S9转场框、S13成效卡统一风格。
282,┤┤┐═25═╝╞м/Screenshot_20251016_092956.jpg,2800,1260,横版,2,蓝色舞台框+浅色证据卡,深蓝背景中嵌一张高亮白/浅卡，视觉中心清晰，外围少量标签。,S7模型①、S12智管：后台截图集中为一个证据区，左侧保留三步法。
283,┤┤┐═25═╝╞м/Screenshot_20251016_105051.jpg,2800,1260,横版,8,比赛舞台超简洁页,标题大、图形少、核心词大；舞台远距识别优先。,S1封面、S2三痛点、S9视频、S15收口。
284,┤┤┐═25═╝╞м/Screenshot_20251016_104553.jpg,2800,1260,横版,10,蓝青高质感组件页,蓝青渐变框、玻璃态卡片、发光描边、黄字小题签、白/青大标题。,S2三痛点直接复用原生组件；S4方案卡、S9转场框、S13成效卡统一风格。
285,┤┤┐═25═╝╞м/Screenshot_20251016_100007.jpg,2800,1260,横版,9,深蓝模块化流程/环形图,模块框、箭头、环形关系、亮青边框；复杂内容被压成模块。,S4“1234”、S5总体蓝图、S14创新双栏。
286,┤┤┐═25═╝╞м/Screenshot_20251016_093937.jpg,2800,1260,横版,5,数据驾驶舱/地图看板,整页或半页大屏数据图，强调地图、指标、趋势，外围不堆文字。,S8模型②右侧沙盘、S11智投四屏驾驶舱。
287,┤┤┐═25═╝╞м/Screenshot_20251016_150057.jpg,1260,2800,竖版,7,竖屏实拍/录像界面,更偏过程记录和实拍，不适合作为决赛主版式。,不直接使用；仅借鉴“关键操作截图+标注线”方法。
288,┤┤┐═25═╝╞м/Screenshot_20251016_111625.jpg,2800,1260,横版,5,数据驾驶舱/地图看板,整页或半页大屏数据图，强调地图、指标、趋势，外围不堆文字。,S8模型②右侧沙盘、S11智投四屏驾驶舱。
289,┤┤┐═25═╝╞м/Screenshot_20251016_141428.jpg,1260,2800,竖版,7,竖屏实拍/录像界面,更偏过程记录和实拍，不适合作为决赛主版式。,不直接使用；仅借鉴“关键操作截图+标注线”方法。
290,┤┤┐═25═╝╞м/Screenshot_20251016_104317.jpg,2800,1260,横版,10,蓝青高质感组件页,蓝青渐变框、玻璃态卡片、发光描边、黄字小题签、白/青大标题。,S2三痛点直接复用原生组件；S4方案卡、S9转场框、S13成效卡统一风格。
291,┤┤┐═25═╝╞м/Screenshot_20251016_093014.jpg,2800,1260,横版,4,深蓝科技三步流,青蓝发光线、编号圆点、三步纵向/横向流程、少量绿色/青色功能胶囊。,S6一库、S7模型①、S8模型②、S10智用、S12智管：统一三步法。
292,┤┤┐═25═╝╞м/Screenshot_20251016_105253.jpg,2800,1260,横版,8,比赛舞台超简洁页,标题大、图形少、核心词大；舞台远距识别优先。,S1封面、S2三痛点、S9视频、S15收口。
293,┤┤┐═25═╝╞м/Screenshot_20251016_090633.jpg,1260,2800,竖版,1,竖屏录屏/手机截图,竖屏信息密度高，适合做素材而非整页版式；应裁切关键区域。,未直接套版；只借鉴“手机界面只露关键步骤”，用于S6、S10。
294,┤┤┐═25═╝╞м/Screenshot_20251016_095540.jpg,1260,2800,竖版,1,竖屏录屏/手机截图,竖屏信息密度高，适合做素材而非整页版式；应裁切关键区域。,未直接套版；只借鉴“手机界面只露关键步骤”，用于S6、S10。
295,┤┤┐═25═╝╞м/Screenshot_20251016_141539.jpg,1260,2800,竖版,7,竖屏实拍/录像界面,更偏过程记录和实拍，不适合作为决赛主版式。,不直接使用；仅借鉴“关键操作截图+标注线”方法。
296,┤┤┐═25═╝╞м/Screenshot_20251016_103528.jpg,2800,1260,横版,9,深蓝模块化流程/环形图,模块框、箭头、环形关系、亮青边框；复杂内容被压成模块。,S4“1234”、S5总体蓝图、S14创新双栏。
297,┤┤┐═25═╝╞м/Screenshot_20251016_104046.jpg,2800,1260,横版,10,蓝青高质感组件页,蓝青渐变框、玻璃态卡片、发光描边、黄字小题签、白/青大标题。,S2三痛点直接复用原生组件；S4方案卡、S9转场框、S13成效卡统一风格。
298,┤┤┐═25═╝╞м/Screenshot_20251016_105146.jpg,2800,1260,横版,10,蓝青高质感组件页,蓝青渐变框、玻璃态卡片、发光描边、黄字小题签、白/青大标题。,S2三痛点直接复用原生组件；S4方案卡、S9转场框、S13成效卡统一风格。
299,┤┤┐═25═╝╞м/Screenshot_20251016_112016.jpg,2800,1260,横版,4,深蓝科技三步流,青蓝发光线、编号圆点、三步纵向/横向流程、少量绿色/青色功能胶囊。,S6一库、S7模型①、S8模型②、S10智用、S12智管：统一三步法。
300,┤┤┐═25═╝╞м/Screenshot_20251016_085238.jpg,2800,1260,横版,3,现场大屏单中心构图,远距离可读：一页一个中心观点，大标题+一个主图/主流程，文字极少。,S3根因、S9视频转场、S15结尾：只留一句核心判断。
301,┤┤┐═25═╝╞м/Screenshot_20251016_110328.jpg,2800,1260,横版,9,深蓝模块化流程/环形图,模块框、箭头、环形关系、亮青边框；复杂内容被压成模块。,S4“1234”、S5总体蓝图、S14创新双栏。
302,┤┤┐═25═╝╞м/Screenshot_20251016_113630.jpg,2800,1260,横版,6,蓝色证据页+大白卡,一侧深蓝逻辑，一侧大面积白色后台/证书/公式；证据比装饰更重要。,S7模型①右侧管理后台、S12智管右侧工单/档案。
303,┤┤┐═25═╝╞м/Screenshot_20251016_090604.jpg,1260,2800,竖版,1,竖屏录屏/手机截图,竖屏信息密度高，适合做素材而非整页版式；应裁切关键区域。,未直接套版；只借鉴“手机界面只露关键步骤”，用于S6、S10。
304,┤┤┐═25═╝╞м/Screenshot_20251016_105403.jpg,2800,1260,横版,5,数据驾驶舱/地图看板,整页或半页大屏数据图，强调地图、指标、趋势，外围不堆文字。,S8模型②右侧沙盘、S11智投四屏驾驶舱。
305,┤┤┐═25═╝╞м/Screenshot_20251016_141331.jpg,1260,2800,竖版,1,竖屏录屏/手机截图,竖屏信息密度高，适合做素材而非整页版式；应裁切关键区域。,未直接套版；只借鉴“手机界面只露关键步骤”，用于S6、S10。
306,┤┤┐═25═╝╞м/Screenshot_20251016_091233.jpg,2800,1260,横版,9,深蓝模块化流程/环形图,模块框、箭头、环形关系、亮青边框；复杂内容被压成模块。,S4“1234”、S5总体蓝图、S14创新双栏。
307,┤┤┐═25═╝╞м/Screenshot_20251016_085941.jpg,2800,1260,横版,10,蓝青高质感组件页,蓝青渐变框、玻璃态卡片、发光描边、黄字小题签、白/青大标题。,S2三痛点直接复用原生组件；S4方案卡、S9转场框、S13成效卡统一风格。
308,┤┤┐═25═╝╞м/Screenshot_20251016_103953.jpg,2800,1260,横版,8,比赛舞台超简洁页,标题大、图形少、核心词大；舞台远距识别优先。,S1封面、S2三痛点、S9视频、S15收口。
309,┤┤┐═25═╝╞м/Screenshot_20251016_150724.jpg,1260,2800,竖版,1,竖屏录屏/手机截图,竖屏信息密度高，适合做素材而非整页版式；应裁切关键区域。,未直接套版；只借鉴“手机界面只露关键步骤”，用于S6、S10。
310,┤┤┐═25═╝╞м/Screenshot_20251016_152547.jpg,2800,1260,横版,5,数据驾驶舱/地图看板,整页或半页大屏数据图，强调地图、指标、趋势，外围不堆文字。,S8模型②右侧沙盘、S11智投四屏驾驶舱。
311,┤┤┐═25═╝╞м/Screenshot_20251016_104054.jpg,2800,1260,横版,10,蓝青高质感组件页,蓝青渐变框、玻璃态卡片、发光描边、黄字小题签、白/青大标题。,S2三痛点直接复用原生组件；S4方案卡、S9转场框、S13成效卡统一风格。
312,┤┤┐═25═╝╞м/Screenshot_20251016_104432.jpg,2800,1260,横版,10,蓝青高质感组件页,蓝青渐变框、玻璃态卡片、发光描边、黄字小题签、白/青大标题。,S2三痛点直接复用原生组件；S4方案卡、S9转场框、S13成效卡统一风格。
313,┤┤┐═25═╝╞м/Screenshot_20251016_090534.jpg,1260,2800,竖版,1,竖屏录屏/手机截图,竖屏信息密度高，适合做素材而非整页版式；应裁切关键区域。,未直接套版；只借鉴“手机界面只露关键步骤”，用于S6、S10。
314,┤┤┐═25═╝╞м/Screenshot_20251016_101200.jpg,1260,2800,竖版,1,竖屏录屏/手机截图,竖屏信息密度高，适合做素材而非整页版式；应裁切关键区域。,未直接套版；只借鉴“手机界面只露关键步骤”，用于S6、S10。
315,┤┤┐═25═╝╞м/Screenshot_20251016_141438.jpg,1260,2800,竖版,7,竖屏实拍/录像界面,更偏过程记录和实拍，不适合作为决赛主版式。,不直接使用；仅借鉴“关键操作截图+标注线”方法。
316,┤┤┐═25═╝╞м/Screenshot_20251016_105319.jpg,2800,1260,横版,10,蓝青高质感组件页,蓝青渐变框、玻璃态卡片、发光描边、黄字小题签、白/青大标题。,S2三痛点直接复用原生组件；S4方案卡、S9转场框、S13成效卡统一风格。
317,┤┤┐═25═╝╞м/Screenshot_20251016_110847.jpg,2800,1260,横版,6,蓝色证据页+大白卡,一侧深蓝逻辑，一侧大面积白色后台/证书/公式；证据比装饰更重要。,S7模型①右侧管理后台、S12智管右侧工单/档案。
318,┤┤┐═25═╝╞м/Screenshot_20251016_112441.jpg,2800,1260,横版,2,蓝色舞台框+浅色证据卡,深蓝背景中嵌一张高亮白/浅卡，视觉中心清晰，外围少量标签。,S7模型①、S12智管：后台截图集中为一个证据区，左侧保留三步法。
319,┤┤┐═25═╝╞м/Screenshot_20251016_144000.jpg,1260,2800,竖版,7,竖屏实拍/录像界面,更偏过程记录和实拍，不适合作为决赛主版式。,不直接使用；仅借鉴“关键操作截图+标注线”方法。
320,┤┤┐═25═╝╞м/Screenshot_20251016_095808.jpg,2800,1260,横版,5,数据驾驶舱/地图看板,整页或半页大屏数据图，强调地图、指标、趋势，外围不堆文字。,S8模型②右侧沙盘、S11智投四屏驾驶舱。
321,┤┤┐═25═╝╞м/Screenshot_20251016_111858.jpg,2800,1260,横版,9,深蓝模块化流程/环形图,模块框、箭头、环形关系、亮青边框；复杂内容被压成模块。,S4“1234”、S5总体蓝图、S14创新双栏。
322,┤┤┐═25═╝╞м/Screenshot_20251016_164440.jpg,2800,1260,横版,8,比赛舞台超简洁页,标题大、图形少、核心词大；舞台远距识别优先。,S1封面、S2三痛点、S9视频、S15收口。
323,┤┤┐═25═╝╞м/Screenshot_20251016_084503.jpg,2800,1260,横版,6,蓝色证据页+大白卡,一侧深蓝逻辑，一侧大面积白色后台/证书/公式；证据比装饰更重要。,S7模型①右侧管理后台、S12智管右侧工单/档案。
324,┤┤┐═25═╝╞м/Screenshot_20251016_113447.jpg,2800,1260,横版,6,蓝色证据页+大白卡,一侧深蓝逻辑，一侧大面积白色后台/证书/公式；证据比装饰更重要。,S7模型①右侧管理后台、S12智管右侧工单/档案。
325,┤┤┐═25═╝╞м/Screenshot_20251016_105612.jpg,2800,1260,横版,8,比赛舞台超简洁页,标题大、图形少、核心词大；舞台远距识别优先。,S1封面、S2三痛点、S9视频、S15收口。
326,┤┤┐═25═╝╞м/Screenshot_20251016_113811.jpg,2800,1260,横版,6,蓝色证据页+大白卡,一侧深蓝逻辑，一侧大面积白色后台/证书/公式；证据比装饰更重要。,S7模型①右侧管理后台、S12智管右侧工单/档案。
327,┤┤┐═25═╝╞м/Screenshot_20251016_095330.jpg,1260,2800,竖版,7,竖屏实拍/录像界面,更偏过程记录和实拍，不适合作为决赛主版式。,不直接使用；仅借鉴“关键操作截图+标注线”方法。
328,┤┤┐═25═╝╞м/Screenshot_20251016_104036.jpg,2800,1260,横版,10,蓝青高质感组件页,蓝青渐变框、玻璃态卡片、发光描边、黄字小题签、白/青大标题。,S2三痛点直接复用原生组件；S4方案卡、S9转场框、S13成效卡统一风格。
329,┤┤┐═25═╝╞м/Screenshot_20251016_110725.jpg,2800,1260,横版,8,比赛舞台超简洁页,标题大、图形少、核心词大；舞台远距识别优先。,S1封面、S2三痛点、S9视频、S15收口。
330,┤┤┐═25═╝╞м/Screenshot_20251016_114538.jpg,2800,1260,横版,8,比赛舞台超简洁页,标题大、图形少、核心词大；舞台远距识别优先。,S1封面、S2三痛点、S9视频、S15收口。
331,┤┤┐═25═╝╞м/Screenshot_20251016_085657.jpg,2800,1260,横版,3,现场大屏单中心构图,远距离可读：一页一个中心观点，大标题+一个主图/主流程，文字极少。,S3根因、S9视频转场、S15结尾：只留一句核心判断。
332,┤┤┐═25═╝╞м/Screenshot_20251016_110317.jpg,2800,1260,横版,9,深蓝模块化流程/环形图,模块框、箭头、环形关系、亮青边框；复杂内容被压成模块。,S4“1234”、S5总体蓝图、S14创新双栏。
333,┤┤┐═25═╝╞м/Screenshot_20251016_163233.jpg,2800,1260,横版,4,深蓝科技三步流,青蓝发光线、编号圆点、三步纵向/横向流程、少量绿色/青色功能胶囊。,S6一库、S7模型①、S8模型②、S10智用、S12智管：统一三步法。
334,┤┤┐═25═╝╞м/Screenshot_20251016_143108.jpg,1260,2800,竖版,1,竖屏录屏/手机截图,竖屏信息密度高，适合做素材而非整页版式；应裁切关键区域。,未直接套版；只借鉴“手机界面只露关键步骤”，用于S6、S10。
335,┤┤┐═25═╝╞м/Screenshot_20251016_112326.jpg,2800,1260,横版,8,比赛舞台超简洁页,标题大、图形少、核心词大；舞台远距识别优先。,S1封面、S2三痛点、S9视频、S15收口。
336,┤┤┐═25═╝╞м/Screenshot_20251016_114637.jpg,2800,1260,横版,8,比赛舞台超简洁页,标题大、图形少、核心词大；舞台远距识别优先。,S1封面、S2三痛点、S9视频、S15收口。
337,┤┤┐═25═╝╞м/Screenshot_20251016_153421.jpg,2800,1260,横版,4,深蓝科技三步流,青蓝发光线、编号圆点、三步纵向/横向流程、少量绿色/青色功能胶囊。,S6一库、S7模型①、S8模型②、S10智用、S12智管：统一三步法。
338,┤┤┐═25═╝╞м/Screenshot_20251016_141547.jpg,1260,2800,竖版,1,竖屏录屏/手机截图,竖屏信息密度高，适合做素材而非整页版式；应裁切关键区域。,未直接套版；只借鉴“手机界面只露关键步骤”，用于S6、S10。
339,┤┤┐═25═╝╞м/Screenshot_20251016_113406.jpg,2800,1260,横版,8,比赛舞台超简洁页,标题大、图形少、核心词大；舞台远距识别优先。,S1封面、S2三痛点、S9视频、S15收口。
340,┤┤┐═25═╝╞м/Screenshot_20251016_093111.jpg,2800,1260,横版,6,蓝色证据页+大白卡,一侧深蓝逻辑，一侧大面积白色后台/证书/公式；证据比装饰更重要。,S7模型①右侧管理后台、S12智管右侧工单/档案。
341,┤┤┐═25═╝╞м/Screenshot_20251016_084529.jpg,2800,1260,横版,0,轻色产品界面+实机/手机实景,白/浅色产品UI作为证据主体，配手机或实景外壳；不做大面积装饰。,S6一库见底、S10智用：真实小程序/报修界面放进深蓝母版；只把UI当证据，不改变母版。
342,┤┤┐═25═╝╞м/Screenshot_20251016_111640.jpg,2800,1260,横版,5,数据驾驶舱/地图看板,整页或半页大屏数据图，强调地图、指标、趋势，外围不堆文字。,S8模型②右侧沙盘、S11智投四屏驾驶舱。
343,┤┤┐═25═╝╞м/Screenshot_20251016_110354.jpg,2800,1260,横版,4,深蓝科技三步流,青蓝发光线、编号圆点、三步纵向/横向流程、少量绿色/青色功能胶囊。,S6一库、S7模型①、S8模型②、S10智用、S12智管：统一三步法。
344,┤┤┐═25═╝╞м/Screenshot_20251016_092511.jpg,2800,1260,横版,2,蓝色舞台框+浅色证据卡,深蓝背景中嵌一张高亮白/浅卡，视觉中心清晰，外围少量标签。,S7模型①、S12智管：后台截图集中为一个证据区，左侧保留三步法。
345,┤┤┐═25═╝╞м/Screenshot_20251016_114021.jpg,2800,1260,横版,6,蓝色证据页+大白卡,一侧深蓝逻辑，一侧大面积白色后台/证书/公式；证据比装饰更重要。,S7模型①右侧管理后台、S12智管右侧工单/档案。
346,┤┤┐═25═╝╞м/Screenshot_20251016_143116.jpg,1260,2800,竖版,1,竖屏录屏/手机截图,竖屏信息密度高，适合做素材而非整页版式；应裁切关键区域。,未直接套版；只借鉴“手机界面只露关键步骤”，用于S6、S10。
347,┤┤┐═25═╝╞м/Screenshot_20251016_095944.jpg,1260,2800,竖版,1,竖屏录屏/手机截图,竖屏信息密度高，适合做素材而非整页版式；应裁切关键区域。,未直接套版；只借鉴“手机界面只露关键步骤”，用于S6、S10。
348,┤┤┐═25═╝╞м/Screenshot_20251016_090259.jpg,2800,1260,横版,4,深蓝科技三步流,青蓝发光线、编号圆点、三步纵向/横向流程、少量绿色/青色功能胶囊。,S6一库、S7模型①、S8模型②、S10智用、S12智管：统一三步法。
349,┤┤┐═25═╝╞м/Screenshot_20251016_144656.jpg,1260,2800,竖版,1,竖屏录屏/手机截图,竖屏信息密度高，适合做素材而非整页版式；应裁切关键区域。,未直接套版；只借鉴“手机界面只露关键步骤”，用于S6、S10。
350,┤┤┐═25═╝╞м/Screenshot_20251016_111628.jpg,2800,1260,横版,5,数据驾驶舱/地图看板,整页或半页大屏数据图，强调地图、指标、趋势，外围不堆文字。,S8模型②右侧沙盘、S11智投四屏驾驶舱。
351,┤┤┐═25═╝╞м/Screenshot_20251016_141730.jpg,1260,2800,竖版,1,竖屏录屏/手机截图,竖屏信息密度高，适合做素材而非整页版式；应裁切关键区域。,未直接套版；只借鉴“手机界面只露关键步骤”，用于S6、S10。
352,┤┤┐═25═╝╞м/Screenshot_20251016_112035.jpg,2800,1260,横版,4,深蓝科技三步流,青蓝发光线、编号圆点、三步纵向/横向流程、少量绿色/青色功能胶囊。,S6一库、S7模型①、S8模型②、S10智用、S12智管：统一三步法。
353,┤┤┐═25═╝╞м/Screenshot_20251016_085509.jpg,2800,1260,横版,10,蓝青高质感组件页,蓝青渐变框、玻璃态卡片、发光描边、黄字小题签、白/青大标题。,S2三痛点直接复用原生组件；S4方案卡、S9转场框、S13成效卡统一风格。
354,┤┤┐═25═╝╞м/Screenshot_20251016_105349.jpg,2800,1260,横版,8,比赛舞台超简洁页,标题大、图形少、核心词大；舞台远距识别优先。,S1封面、S2三痛点、S9视频、S15收口。
355,┤┤┐═25═╝╞м/Screenshot_20251016_091914.jpg,2800,1260,横版,3,现场大屏单中心构图,远距离可读：一页一个中心观点，大标题+一个主图/主流程，文字极少。,S3根因、S9视频转场、S15结尾：只留一句核心判断。
356,┤┤┐═25═╝╞м/Screenshot_20251016_164710.jpg,2800,1260,横版,8,比赛舞台超简洁页,标题大、图形少、核心词大；舞台远距识别优先。,S1封面、S2三痛点、S9视频、S15收口。
357,┤┤┐═25═╝╞м/Screenshot_20251016_111642.jpg,2800,1260,横版,5,数据驾驶舱/地图看板,整页或半页大屏数据图，强调地图、指标、趋势，外围不堆文字。,S8模型②右侧沙盘、S11智投四屏驾驶舱。
358,┤┤┐═25═╝╞м/Screenshot_20251016_095734.jpg,2800,1260,横版,5,数据驾驶舱/地图看板,整页或半页大屏数据图，强调地图、指标、趋势，外围不堆文字。,S8模型②右侧沙盘、S11智投四屏驾驶舱。
359,┤┤┐═25═╝╞м/Screenshot_20251016_143156.jpg,1260,2800,竖版,1,竖屏录屏/手机截图,竖屏信息密度高，适合做素材而非整页版式；应裁切关键区域。,未直接套版；只借鉴“手机界面只露关键步骤”，用于S6、S10。
360,┤┤┐═25═╝╞м/Screenshot_20251016_100358.jpg,2800,1260,横版,3,现场大屏单中心构图,远距离可读：一页一个中心观点，大标题+一个主图/主流程，文字极少。,S3根因、S9视频转场、S15结尾：只留一句核心判断。
361,┤┤┐═25═╝╞м/Screenshot_20251016_095527.jpg,1260,2800,竖版,1,竖屏录屏/手机截图,竖屏信息密度高，适合做素材而非整页版式；应裁切关键区域。,未直接套版；只借鉴“手机界面只露关键步骤”，用于S6、S10。
362,┤┤┐═25═╝╞м/Screenshot_20251016_095608.jpg,1260,2800,竖版,1,竖屏录屏/手机截图,竖屏信息密度高，适合做素材而非整页版式；应裁切关键区域。,未直接套版；只借鉴“手机界面只露关键步骤”，用于S6、S10。
363,┤┤┐═25═╝╞м/Screenshot_20251016_102340.jpg,1260,2800,竖版,7,竖屏实拍/录像界面,更偏过程记录和实拍，不适合作为决赛主版式。,不直接使用；仅借鉴“关键操作截图+标注线”方法。
364,┤┤┐═25═╝╞м/Screenshot_20251016_104243.jpg,2800,1260,横版,10,蓝青高质感组件页,蓝青渐变框、玻璃态卡片、发光描边、黄字小题签、白/青大标题。,S2三痛点直接复用原生组件；S4方案卡、S9转场框、S13成效卡统一风格。
365,┤┤┐═25═╝╞м/Screenshot_20251016_151630.jpg,2800,1260,横版,4,深蓝科技三步流,青蓝发光线、编号圆点、三步纵向/横向流程、少量绿色/青色功能胶囊。,S6一库、S7模型①、S8模型②、S10智用、S12智管：统一三步法。
366,┤┤┐═25═╝╞м/Screenshot_20251016_104250.jpg,2800,1260,横版,10,蓝青高质感组件页,蓝青渐变框、玻璃态卡片、发光描边、黄字小题签、白/青大标题。,S2三痛点直接复用原生组件；S4方案卡、S9转场框、S13成效卡统一风格。
367,┤┤┐═25═╝╞м/Screenshot_20251016_104445.jpg,2800,1260,横版,0,轻色产品界面+实机/手机实景,白/浅色产品UI作为证据主体，配手机或实景外壳；不做大面积装饰。,S6一库见底、S10智用：真实小程序/报修界面放进深蓝母版；只把UI当证据，不改变母版。
368,┤┤┐═25═╝╞м/Screenshot_20251016_104303.jpg,2800,1260,横版,2,蓝色舞台框+浅色证据卡,深蓝背景中嵌一张高亮白/浅卡，视觉中心清晰，外围少量标签。,S7模型①、S12智管：后台截图集中为一个证据区，左侧保留三步法。
369,┤┤┐═25═╝╞м/Screenshot_20251016_091804.jpg,2800,1260,横版,4,深蓝科技三步流,青蓝发光线、编号圆点、三步纵向/横向流程、少量绿色/青色功能胶囊。,S6一库、S7模型①、S8模型②、S10智用、S12智管：统一三步法。
370,┤┤┐═25═╝╞м/Screenshot_20251016_084451.jpg,2800,1260,横版,3,现场大屏单中心构图,远距离可读：一页一个中心观点，大标题+一个主图/主流程，文字极少。,S3根因、S9视频转场、S15结尾：只留一句核心判断。
371,┤┤┐═25═╝╞м/Screenshot_20251016_105513.jpg,2800,1260,横版,4,深蓝科技三步流,青蓝发光线、编号圆点、三步纵向/横向流程、少量绿色/青色功能胶囊。,S6一库、S7模型①、S8模型②、S10智用、S12智管：统一三步法。
372,┤┤┐═25═╝╞м/Screenshot_20251016_163743.jpg,2800,1260,横版,9,深蓝模块化流程/环形图,模块框、箭头、环形关系、亮青边框；复杂内容被压成模块。,S4“1234”、S5总体蓝图、S14创新双栏。
373,┤┤┐═25═╝╞м/Screenshot_20251016_085756.jpg,2800,1260,横版,4,深蓝科技三步流,青蓝发光线、编号圆点、三步纵向/横向流程、少量绿色/青色功能胶囊。,S6一库、S7模型①、S8模型②、S10智用、S12智管：统一三步法。
374,┤┤┐═25═╝╞м/Screenshot_20251016_090334.jpg,2800,1260,横版,4,深蓝科技三步流,青蓝发光线、编号圆点、三步纵向/横向流程、少量绿色/青色功能胶囊。,S6一库、S7模型①、S8模型②、S10智用、S12智管：统一三步法。
375,┤┤┐═25═╝╞м/Screenshot_20251016_091433.jpg,2800,1260,横版,9,深蓝模块化流程/环形图,模块框、箭头、环形关系、亮青边框；复杂内容被压成模块。,S4“1234”、S5总体蓝图、S14创新双栏。
376,┤┤┐═25═╝╞м/Screenshot_20251016_084649.jpg,2800,1260,横版,6,蓝色证据页+大白卡,一侧深蓝逻辑，一侧大面积白色后台/证书/公式；证据比装饰更重要。,S7模型①右侧管理后台、S12智管右侧工单/档案。
377,┤┤┐═25═╝╞м/Screenshot_20251016_093830.jpg,2800,1260,横版,2,蓝色舞台框+浅色证据卡,深蓝背景中嵌一张高亮白/浅卡，视觉中心清晰，外围少量标签。,S7模型①、S12智管：后台截图集中为一个证据区，左侧保留三步法。
378,┤┤┐═25═╝╞м/Screenshot_20251016_100241.jpg,2800,1260,横版,3,现场大屏单中心构图,远距离可读：一页一个中心观点，大标题+一个主图/主流程，文字极少。,S3根因、S9视频转场、S15结尾：只留一句核心判断。
379,┤┤┐═25═╝╞м/Screenshot_20251016_112642.jpg,2800,1260,横版,2,蓝色舞台框+浅色证据卡,深蓝背景中嵌一张高亮白/浅卡，视觉中心清晰，外围少量标签。,S7模型①、S12智管：后台截图集中为一个证据区，左侧保留三步法。
380,┤┤┐═25═╝╞м/Screenshot_20251016_150629.jpg,1260,2800,竖版,1,竖屏录屏/手机截图,竖屏信息密度高，适合做素材而非整页版式；应裁切关键区域。,未直接套版；只借鉴“手机界面只露关键步骤”，用于S6、S10。
381,┤┤┐═25═╝╞м/Screenshot_20251016_105309.jpg,2800,1260,横版,10,蓝青高质感组件页,蓝青渐变框、玻璃态卡片、发光描边、黄字小题签、白/青大标题。,S2三痛点直接复用原生组件；S4方案卡、S9转场框、S13成效卡统一风格。
382,┤┤┐═25═╝╞м/Screenshot_20251016_092132.jpg,2800,1260,横版,10,蓝青高质感组件页,蓝青渐变框、玻璃态卡片、发光描边、黄字小题签、白/青大标题。,S2三痛点直接复用原生组件；S4方案卡、S9转场框、S13成效卡统一风格。
383,┤┤┐═25═╝╞м/Screenshot_20251016_095950.jpg,2800,1260,横版,4,深蓝科技三步流,青蓝发光线、编号圆点、三步纵向/横向流程、少量绿色/青色功能胶囊。,S6一库、S7模型①、S8模型②、S10智用、S12智管：统一三步法。
384,┤┤┐═25═╝╞м/Screenshot_20251016_085157.jpg,2800,1260,横版,3,现场大屏单中心构图,远距离可读：一页一个中心观点，大标题+一个主图/主流程，文字极少。,S3根因、S9视频转场、S15结尾：只留一句核心判断。
385,┤┤┐═25═╝╞м/Screenshot_20251016_143050.jpg,1260,2800,竖版,1,竖屏录屏/手机截图,竖屏信息密度高，适合做素材而非整页版式；应裁切关键区域。,未直接套版；只借鉴“手机界面只露关键步骤”，用于S6、S10。
386,┤┤┐═25═╝╞м/Screenshot_20251016_092630.jpg,2800,1260,横版,10,蓝青高质感组件页,蓝青渐变框、玻璃态卡片、发光描边、黄字小题签、白/青大标题。,S2三痛点直接复用原生组件；S4方案卡、S9转场框、S13成效卡统一风格。
387,┤┤┐═25═╝╞м/Screenshot_20251016_141545.jpg,1260,2800,竖版,1,竖屏录屏/手机截图,竖屏信息密度高，适合做素材而非整页版式；应裁切关键区域。,未直接套版；只借鉴“手机界面只露关键步骤”，用于S6、S10。
388,┤┤┐═25═╝╞м/Screenshot_20251016_165404.jpg,2800,1260,横版,6,蓝色证据页+大白卡,一侧深蓝逻辑，一侧大面积白色后台/证书/公式；证据比装饰更重要。,S7模型①右侧管理后台、S12智管右侧工单/档案。
389,┤┤┐═25═╝╞м/Screenshot_20251016_115632.jpg,1260,2800,竖版,1,竖屏录屏/手机截图,竖屏信息密度高，适合做素材而非整页版式；应裁切关键区域。,未直接套版；只借鉴“手机界面只露关键步骤”，用于S6、S10。
390,┤┤┐═25═╝╞м/Screenshot_20251016_113956.jpg,2800,1260,横版,2,蓝色舞台框+浅色证据卡,深蓝背景中嵌一张高亮白/浅卡，视觉中心清晰，外围少量标签。,S7模型①、S12智管：后台截图集中为一个证据区，左侧保留三步法。
391,┤┤┐═25═╝╞м/Screenshot_20251016_113918.jpg,2800,1260,横版,6,蓝色证据页+大白卡,一侧深蓝逻辑，一侧大面积白色后台/证书/公式；证据比装饰更重要。,S7模型①右侧管理后台、S12智管右侧工单/档案。
392,┤┤┐═25═╝╞м/Screenshot_20251016_085830.jpg,2800,1260,横版,3,现场大屏单中心构图,远距离可读：一页一个中心观点，大标题+一个主图/主流程，文字极少。,S3根因、S9视频转场、S15结尾：只留一句核心判断。
393,┤┤┐═25═╝╞м/Screenshot_20251016_095037.jpg,1260,2800,竖版,7,竖屏实拍/录像界面,更偏过程记录和实拍，不适合作为决赛主版式。,不直接使用；仅借鉴“关键操作截图+标注线”方法。
394,┤┤┐═25═╝╞м/Screenshot_20251016_092458.jpg,2800,1260,横版,10,蓝青高质感组件页,蓝青渐变框、玻璃态卡片、发光描边、黄字小题签、白/青大标题。,S2三痛点直接复用原生组件；S4方案卡、S9转场框、S13成效卡统一风格。
395,┤┤┐═25═╝╞м/Screenshot_20251016_113303.jpg,2800,1260,横版,8,比赛舞台超简洁页,标题大、图形少、核心词大；舞台远距识别优先。,S1封面、S2三痛点、S9视频、S15收口。
396,┤┤┐═25═╝╞м/Screenshot_20251016_163121.jpg,2800,1260,横版,9,深蓝模块化流程/环形图,模块框、箭头、环形关系、亮青边框；复杂内容被压成模块。,S4“1234”、S5总体蓝图、S14创新双栏。
397,┤┤┐═25═╝╞м/Screenshot_20251016_170839.jpg,2800,1260,横版,10,蓝青高质感组件页,蓝青渐变框、玻璃态卡片、发光描边、黄字小题签、白/青大标题。,S2三痛点直接复用原生组件；S4方案卡、S9转场框、S13成效卡统一风格。
398,┤┤┐═25═╝╞м/Screenshot_20251016_085245.jpg,2800,1260,横版,10,蓝青高质感组件页,蓝青渐变框、玻璃态卡片、发光描边、黄字小题签、白/青大标题。,S2三痛点直接复用原生组件；S4方案卡、S9转场框、S13成效卡统一风格。
399,┤┤┐═25═╝╞м/Screenshot_20251016_112140.jpg,2800,1260,横版,4,深蓝科技三步流,青蓝发光线、编号圆点、三步纵向/横向流程、少量绿色/青色功能胶囊。,S6一库、S7模型①、S8模型②、S10智用、S12智管：统一三步法。
400,┤┤┐═25═╝╞м/Screenshot_20251016_112824.jpg,2800,1260,横版,2,蓝色舞台框+浅色证据卡,深蓝背景中嵌一张高亮白/浅卡，视觉中心清晰，外围少量标签。,S7模型①、S12智管：后台截图集中为一个证据区，左侧保留三步法。
401,┤┤┐═25═╝╞м/Screenshot_20251016_145914.jpg,1260,2800,竖版,1,竖屏录屏/手机截图,竖屏信息密度高，适合做素材而非整页版式；应裁切关键区域。,未直接套版；只借鉴“手机界面只露关键步骤”，用于S6、S10。
