idx,original_file,preview_file,width,height,orientation,cluster,style_family,dominant5,逐图学习结论,本版应用
1,┤┤┐═25═╝╞¼/IMG_20251016_090716.jpg,逐图预览/C03_现场大屏单中心构图/001_IMG_20251016_090716.jpg,4096,3072,横版,3,现场大屏单中心构图,#AEBEC4 #646D84 #52464C #343952 #122A74,远距离可读：一页一个中心观点，大标题+一个主图/主流程，文字极少。,S3根因、S9视频转场、S15结尾：只留一句核心判断。
2,┤┤┐═25═╝╞¼/IMG_20251016_090804.jpg,逐图预览/C09_深蓝模块化流程_环形图/002_IMG_20251016_090804.jpg,4096,3072,横版,9,深蓝模块化流程/环形图,#C9DCE3 #7F96AB #62687C #3C3F57 #102B8D,模块框、箭头、环形关系、亮青边框；复杂内容被压成模块。,S4“1234”、S5总体蓝图、S14创新双栏。
3,┤┤┐═25═╝╞¼/Screenshot_20251016_083133.jpg,逐图预览/C10_蓝青高质感组件页/003_Screenshot_20251016_083133.jpg,1260,2800,竖版,10,蓝青高质感组件页,#8195B6 #544C5C #212742 #0D0A34 #00043B,蓝青渐变框、玻璃态卡片、发光描边、黄字小题签、白/青大标题。,S2三痛点直接复用原生组件；S4方案卡、S9转场框、S13成效卡统一风格。
4,┤┤┐═25═╝╞¼/Screenshot_20251016_084224.jpg,逐图预览/C05_数据驾驶舱_地图看板/004_Screenshot_20251016_084224.jpg,1260,2800,竖版,5,数据驾驶舱/地图看板,#BCB7BD #605258 #232842 #0D0A35 #00043B,整页或半页大屏数据图，强调地图、指标、趋势，外围不堆文字。,S8模型②右侧沙盘、S11智投四屏驾驶舱。
5,┤┤┐═25═╝╞¼/Screenshot_20251016_084235.jpg,逐图预览/C01_竖屏录屏_手机截图/005_Screenshot_20251016_084235.jpg,2800,1260,横版,1,竖屏录屏/手机截图,#EAE8EF #857B99 #642155 #050969 #00024B,竖屏信息密度高，适合做素材而非整页版式；应裁切关键区域。,未直接套版；只借鉴“手机界面只露关键步骤”，用于S6、S10。
6,┤┤┐═25═╝╞¼/Screenshot_20251016_084326.jpg,逐图预览/C04_深蓝科技三步流/006_Screenshot_20251016_084326.jpg,2800,1260,横版,4,深蓝科技三步流,#F2F6FA #B5C2CF #837B80 #633937 #0C0D0E,青蓝发光线、编号圆点、三步纵向/横向流程、少量绿色/青色功能胶囊。,S6一库、S7模型①、S8模型②、S10智用、S12智管：统一三步法。
7,┤┤┐═25═╝╞¼/Screenshot_20251016_084356.jpg,逐图预览/C03_现场大屏单中心构图/007_Screenshot_20251016_084356.jpg,2800,1260,横版,3,现场大屏单中心构图,#D4DBE8 #74728D #3A2B5B #050964 #00024B,远距离可读：一页一个中心观点，大标题+一个主图/主流程，文字极少。,S3根因、S9视频转场、S15结尾：只留一句核心判断。
8,┤┤┐═25═╝╞¼/Screenshot_20251016_084451.jpg,逐图预览/C10_蓝青高质感组件页/008_Screenshot_20251016_084451.jpg,2800,1260,横版,10,蓝青高质感组件页,#F9FDFE #C6CCD6 #887D84 #65393B #0C0D0E,蓝青渐变框、玻璃态卡片、发光描边、黄字小题签、白/青大标题。,S2三痛点直接复用原生组件；S4方案卡、S9转场框、S13成效卡统一风格。
9,┤┤┐═25═╝╞¼/Screenshot_20251016_084455.jpg,逐图预览/C04_深蓝科技三步流/009_Screenshot_20251016_084455.jpg,2800,1260,横版,4,深蓝科技三步流,#ECEDF4 #9088A8 #502453 #050968 #00024B,青蓝发光线、编号圆点、三步纵向/横向流程、少量绿色/青色功能胶囊。,S6一库、S7模型①、S8模型②、S10智用、S12智管：统一三步法。
10,┤┤┐═25═╝╞¼/Screenshot_20251016_084503.jpg,逐图预览/C04_深蓝科技三步流/010_Screenshot_20251016_084503.jpg,2800,1260,横版,4,深蓝科技三步流,#EEF0EE #8886A5 #58214F #060A65 #00024D,青蓝发光线、编号圆点、三步纵向/横向流程、少量绿色/青色功能胶囊。,S6一库、S7模型①、S8模型②、S10智用、S12智管：统一三步法。
11,┤┤┐═25═╝╞¼/Screenshot_20251016_084523.jpg,逐图预览/C01_竖屏录屏_手机截图/011_Screenshot_20251016_084523.jpg,2800,1260,横版,1,竖屏录屏/手机截图,#C2ADB7 #967C81 #8C6068 #643330 #0C0B0C,竖屏信息密度高，适合做素材而非整页版式；应裁切关键区域。,未直接套版；只借鉴“手机界面只露关键步骤”，用于S6、S10。
12,┤┤┐═25═╝╞¼/Screenshot_20251016_084526.jpg,逐图预览/C06_蓝色证据页+大白卡/012_Screenshot_20251016_084526.jpg,2800,1260,横版,6,蓝色证据页+大白卡,#AD929B #8B5F68 #833736 #462F2E #0C0B0C,一侧深蓝逻辑，一侧大面积白色后台/证书/公式；证据比装饰更重要。,S7模型①右侧管理后台、S12智管右侧工单/档案。
13,┤┤┐═25═╝╞¼/Screenshot_20251016_084529.jpg,逐图预览/C01_竖屏录屏_手机截图/013_Screenshot_20251016_084529.jpg,2800,1260,横版,1,竖屏录屏/手机截图,#F1F5FB #EEEFF3 #E8D9D3 #AB5450 #370707,竖屏信息密度高，适合做素材而非整页版式；应裁切关键区域。,未直接套版；只借鉴“手机界面只露关键步骤”，用于S6、S10。
14,┤┤┐═25═╝╞¼/Screenshot_20251016_084530.jpg,逐图预览/C09_深蓝模块化流程_环形图/014_Screenshot_20251016_084530.jpg,2800,1260,横版,9,深蓝模块化流程/环形图,#BF6A54 #9C372E #90221E #8F1311 #200606,模块框、箭头、环形关系、亮青边框；复杂内容被压成模块。,S4“1234”、S5总体蓝图、S14创新双栏。
15,┤┤┐═25═╝╞¼/Screenshot_20251016_084534.jpg,逐图预览/C03_现场大屏单中心构图/015_Screenshot_20251016_084534.jpg,2800,1260,横版,3,现场大屏单中心构图,#D46A4A #B84233 #9C2923 #9A1411 #1F0707,远距离可读：一页一个中心观点，大标题+一个主图/主流程，文字极少。,S3根因、S9视频转场、S15结尾：只留一句核心判断。
16,┤┤┐═25═╝╞¼/Screenshot_20251016_084538.jpg,逐图预览/C04_深蓝科技三步流/016_Screenshot_20251016_084538.jpg,2800,1260,横版,4,深蓝科技三步流,#BC6A58 #99382F #90221D #911211 #200605,青蓝发光线、编号圆点、三步纵向/横向流程、少量绿色/青色功能胶囊。,S6一库、S7模型①、S8模型②、S10智用、S12智管：统一三步法。
17,┤┤┐═25═╝╞¼/Screenshot_20251016_084543.jpg,逐图预览/C01_竖屏录屏_手机截图/017_Screenshot_20251016_084543.jpg,2800,1260,横版,1,竖屏录屏/手机截图,#C58E84 #BE5B4F #AF3A30 #8F1817 #1E0707,竖屏信息密度高，适合做素材而非整页版式；应裁切关键区域。,未直接套版；只借鉴“手机界面只露关键步骤”，用于S6、S10。
18,┤┤┐═25═╝╞¼/Screenshot_20251016_084558.jpg,逐图预览/C10_蓝青高质感组件页/018_Screenshot_20251016_084558.jpg,2800,1260,横版,10,蓝青高质感组件页,#D3D4DF #7B5970 #6C1A3B #060961 #00024F,蓝青渐变框、玻璃态卡片、发光描边、黄字小题签、白/青大标题。,S2三痛点直接复用原生组件；S4方案卡、S9转场框、S13成效卡统一风格。
19,┤┤┐═25═╝╞¼/Screenshot_20251016_084601.jpg,逐图预览/C01_竖屏录屏_手机截图/019_Screenshot_20251016_084601.jpg,2800,1260,横版,1,竖屏录屏/手机截图,#EAE8ED #91839E #4F275C #050966 #00024C,竖屏信息密度高，适合做素材而非整页版式；应裁切关键区域。,未直接套版；只借鉴“手机界面只露关键步骤”，用于S6、S10。
20,┤┤┐═25═╝╞¼/Screenshot_20251016_084649.jpg,逐图预览/C00_轻色产品界面+实机_手机实景/020_Screenshot_20251016_084649.jpg,2800,1260,横版,0,轻色产品界面+实机/手机实景,#EBEBF1 #908EAC #4F285B #050A66 #00024C,白/浅色产品UI作为证据主体，配手机或实景外壳；不做大面积装饰。,S6一库见底、S10智用：真实小程序/报修界面放进深蓝母版；只把UI当证据，不改变母版。
21,┤┤┐═25═╝╞¼/Screenshot_20251016_084700.jpg,逐图预览/C06_蓝色证据页+大白卡/021_Screenshot_20251016_084700.jpg,2800,1260,横版,6,蓝色证据页+大白卡,#8A6B7B #7D2C40 #7E101C #07085F #00014A,一侧深蓝逻辑，一侧大面积白色后台/证书/公式；证据比装饰更重要。,S7模型①右侧管理后台、S12智管右侧工单/档案。
22,┤┤┐═25═╝╞¼/Screenshot_20251016_084706.jpg,逐图预览/C02_蓝色舞台框+浅色证据卡/022_Screenshot_20251016_084706.jpg,2800,1260,横版,2,蓝色舞台框+浅色证据卡,#D66D4A #C0432D #A32922 #951110 #210605,深蓝背景中嵌一张高亮白/浅卡，视觉中心清晰，外围少量标签。,S7模型①、S12智管：后台截图集中为一个证据区，左侧保留三步法。
23,┤┤┐═25═╝╞¼/Screenshot_20251016_084721.jpg,逐图预览/C07_竖屏实拍_录像界面/023_Screenshot_20251016_084721.jpg,2800,1260,横版,7,竖屏实拍/录像界面,#EDEBED #938BA5 #50275A #060A66 #00024E,更偏过程记录和实拍，不适合作为决赛主版式。,不直接使用；仅借鉴“关键操作截图+标注线”方法。
24,┤┤┐═25═╝╞¼/Screenshot_20251016_084855.jpg,逐图预览/C09_深蓝模块化流程_环形图/024_Screenshot_20251016_084855.jpg,2800,1260,横版,9,深蓝模块化流程/环形图,#E8E7EC #867A93 #582456 #050966 #00024C,模块框、箭头、环形关系、亮青边框；复杂内容被压成模块。,S4“1234”、S5总体蓝图、S14创新双栏。
25,┤┤┐═25═╝╞¼/Screenshot_20251016_084931.jpg,逐图预览/C09_深蓝模块化流程_环形图/025_Screenshot_20251016_084931.jpg,2800,1260,横版,9,深蓝模块化流程/环形图,#ECECF2 #9085A1 #2E177C #000984 #00002F,模块框、箭头、环形关系、亮青边框；复杂内容被压成模块。,S4“1234”、S5总体蓝图、S14创新双栏。
26,┤┤┐═25═╝╞¼/Screenshot_20251016_085027.jpg,逐图预览/C07_竖屏实拍_录像界面/026_Screenshot_20251016_085027.jpg,2800,1260,横版,7,竖屏实拍/录像界面,#F4F9FB #B4B4BD #88797F #673839 #0D0D0E,更偏过程记录和实拍，不适合作为决赛主版式。,不直接使用；仅借鉴“关键操作截图+标注线”方法。
27,┤┤┐═25═╝╞¼/Screenshot_20251016_085157.jpg,逐图预览/C02_蓝色舞台框+浅色证据卡/027_Screenshot_20251016_085157.jpg,2800,1260,横版,2,蓝色舞台框+浅色证据卡,#9AA9B6 #737785 #665B6E #533136 #0B0C0E,深蓝背景中嵌一张高亮白/浅卡，视觉中心清晰，外围少量标签。,S7模型①、S12智管：后台截图集中为一个证据区，左侧保留三步法。
28,┤┤┐═25═╝╞¼/Screenshot_20251016_085213.jpg,逐图预览/C05_数据驾驶舱_地图看板/028_Screenshot_20251016_085213.jpg,2800,1260,横版,5,数据驾驶舱/地图看板,#96B3CE #7580A1 #6C627F #58333A #0C0D13,整页或半页大屏数据图，强调地图、指标、趋势，外围不堆文字。,S8模型②右侧沙盘、S11智投四屏驾驶舱。
29,┤┤┐═25═╝╞¼/Screenshot_20251016_085218.jpg,逐图预览/C05_数据驾驶舱_地图看板/029_Screenshot_20251016_085218.jpg,2800,1260,横版,5,数据驾驶舱/地图看板,#658DCA #47487A #1426AB #03089E #030426,整页或半页大屏数据图，强调地图、指标、趋势，外围不堆文字。,S8模型②右侧沙盘、S11智投四屏驾驶舱。
30,┤┤┐═25═╝╞¼/Screenshot_20251016_085238.jpg,逐图预览/C05_数据驾驶舱_地图看板/030_Screenshot_20251016_085238.jpg,2800,1260,横版,5,数据驾驶舱/地图看板,#9CB7C5 #787E91 #666076 #573232 #0C0C0E,整页或半页大屏数据图，强调地图、指标、趋势，外围不堆文字。,S8模型②右侧沙盘、S11智投四屏驾驶舱。
31,┤┤┐═25═╝╞¼/Screenshot_20251016_085245.jpg,逐图预览/C03_现场大屏单中心构图/031_Screenshot_20251016_085245.jpg,2800,1260,横版,3,现场大屏单中心构图,#6BA0D7 #495992 #1E2675 #01027F #010116,远距离可读：一页一个中心观点，大标题+一个主图/主流程，文字极少。,S3根因、S9视频转场、S15结尾：只留一句核心判断。
32,┤┤┐═25═╝╞¼/Screenshot_20251016_085301.jpg,逐图预览/C02_蓝色舞台框+浅色证据卡/032_Screenshot_20251016_085301.jpg,2800,1260,横版,2,蓝色舞台框+浅色证据卡,#BCD0DF #7E8695 #696382 #583335 #0B0D13,深蓝背景中嵌一张高亮白/浅卡，视觉中心清晰，外围少量标签。,S7模型①、S12智管：后台截图集中为一个证据区，左侧保留三步法。
33,┤┤┐═25═╝╞¼/Screenshot_20251016_085318.jpg,逐图预览/C04_深蓝科技三步流/033_Screenshot_20251016_085318.jpg,2800,1260,横版,4,深蓝科技三步流,#5E95CC #4F4C6D #0E2290 #010693 #020326,青蓝发光线、编号圆点、三步纵向/横向流程、少量绿色/青色功能胶囊。,S6一库、S7模型①、S8模型②、S10智用、S12智管：统一三步法。
34,┤┤┐═25═╝╞¼/Screenshot_20251016_085430.jpg,逐图预览/C10_蓝青高质感组件页/034_Screenshot_20251016_085430.jpg,2800,1260,横版,10,蓝青高质感组件页,#5B6F97 #0C1D8F #0104A2 #01057F #020323,蓝青渐变框、玻璃态卡片、发光描边、黄字小题签、白/青大标题。,S2三痛点直接复用原生组件；S4方案卡、S9转场框、S13成效卡统一风格。
35,┤┤┐═25═╝╞¼/Screenshot_20251016_085440.jpg,逐图预览/C07_竖屏实拍_录像界面/035_Screenshot_20251016_085440.jpg,2800,1260,横版,7,竖屏实拍/录像界面,#375671 #121D2C #0B0911 #01050C #000205,更偏过程记录和实拍，不适合作为决赛主版式。,不直接使用；仅借鉴“关键操作截图+标注线”方法。
36,┤┤┐═25═╝╞¼/Screenshot_20251016_085450.jpg,逐图预览/C07_竖屏实拍_录像界面/036_Screenshot_20251016_085450.jpg,2800,1260,横版,7,竖屏实拍/录像界面,#658DBB #49526F #232A59 #07073E #00013F,更偏过程记录和实拍，不适合作为决赛主版式。,不直接使用；仅借鉴“关键操作截图+标注线”方法。
37,┤┤┐═25═╝╞¼/Screenshot_20251016_085456.jpg,逐图预览/C03_现场大屏单中心构图/037_Screenshot_20251016_085456.jpg,2800,1260,横版,3,现场大屏单中心构图,#6793C9 #3A4C80 #133082 #030990 #020413,远距离可读：一页一个中心观点，大标题+一个主图/主流程，文字极少。,S3根因、S9视频转场、S15结尾：只留一句核心判断。
38,┤┤┐═25═╝╞¼/Screenshot_20251016_085509.jpg,逐图预览/C09_深蓝模块化流程_环形图/038_Screenshot_20251016_085509.jpg,2800,1260,横版,9,深蓝模块化流程/环形图,#576795 #091D90 #0104A2 #01047F #020322,模块框、箭头、环形关系、亮青边框；复杂内容被压成模块。,S4“1234”、S5总体蓝图、S14创新双栏。
39,┤┤┐═25═╝╞¼/Screenshot_20251016_085536.jpg,逐图预览/C07_竖屏实拍_录像界面/039_Screenshot_20251016_085536.jpg,2800,1260,横版,7,竖屏实拍/录像界面,#6B8ABB #494266 #0B1D91 #010592 #020324,更偏过程记录和实拍，不适合作为决赛主版式。,不直接使用；仅借鉴“关键操作截图+标注线”方法。
40,┤┤┐═25═╝╞¼/Screenshot_20251016_085619.jpg,逐图预览/C06_蓝色证据页+大白卡/040_Screenshot_20251016_085619.jpg,1260,2800,竖版,6,蓝色证据页+大白卡,#4C5978 #202D55 #0E1859 #01065A #020330,一侧深蓝逻辑，一侧大面积白色后台/证书/公式；证据比装饰更重要。,S7模型①右侧管理后台、S12智管右侧工单/档案。
41,┤┤┐═25═╝╞¼/Screenshot_20251016_085657.jpg,逐图预览/C09_深蓝模块化流程_环形图/041_Screenshot_20251016_085657.jpg,2800,1260,横版,9,深蓝模块化流程/环形图,#A0AAB2 #767883 #655C75 #543238 #0B0C12,模块框、箭头、环形关系、亮青边框；复杂内容被压成模块。,S4“1234”、S5总体蓝图、S14创新双栏。
42,┤┤┐═25═╝╞¼/Screenshot_20251016_085721.jpg,逐图预览/C01_竖屏录屏_手机截图/042_Screenshot_20251016_085721.jpg,2800,1260,横版,1,竖屏录屏/手机截图,#8A9AA7 #685F7C #6F332B #3A3146 #0B0C13,竖屏信息密度高，适合做素材而非整页版式；应裁切关键区域。,未直接套版；只借鉴“手机界面只露关键步骤”，用于S6、S10。
43,┤┤┐═25═╝╞¼/Screenshot_20251016_085746.jpg,逐图预览/C04_深蓝科技三步流/043_Screenshot_20251016_085746.jpg,2800,1260,横版,4,深蓝科技三步流,#212539 #020212 #010013 #010010 #000007,青蓝发光线、编号圆点、三步纵向/横向流程、少量绿色/青色功能胶囊。,S6一库、S7模型①、S8模型②、S10智用、S12智管：统一三步法。
44,┤┤┐═25═╝╞¼/Screenshot_20251016_085756.jpg,逐图预览/C05_数据驾驶舱_地图看板/044_Screenshot_20251016_085756.jpg,2800,1260,横版,5,数据驾驶舱/地图看板,#5B6288 #0C0F5A #010176 #010011 #000004,整页或半页大屏数据图，强调地图、指标、趋势，外围不堆文字。,S8模型②右侧沙盘、S11智投四屏驾驶舱。
45,┤┤┐═25═╝╞¼/Screenshot_20251016_085816.jpg,逐图预览/C05_数据驾驶舱_地图看板/045_Screenshot_20251016_085816.jpg,2800,1260,横版,5,数据驾驶舱/地图看板,#9CBBC8 #7B8291 #6C626F #573334 #0C0C0E,整页或半页大屏数据图，强调地图、指标、趋势，外围不堆文字。,S8模型②右侧沙盘、S11智投四屏驾驶舱。
46,┤┤┐═25═╝╞¼/Screenshot_20251016_085830.jpg,逐图预览/C03_现场大屏单中心构图/046_Screenshot_20251016_085830.jpg,2800,1260,横版,3,现场大屏单中心构图,#94B0BF #727E9D #69647C #5A3532 #0C0C0E,远距离可读：一页一个中心观点，大标题+一个主图/主流程，文字极少。,S3根因、S9视频转场、S15结尾：只留一句核心判断。
47,┤┤┐═25═╝╞¼/Screenshot_20251016_085900.jpg,逐图预览/C08_比赛舞台超简洁页/047_Screenshot_20251016_085900.jpg,2800,1260,横版,8,比赛舞台超简洁页,#9DB9C7 #7B849D #6D6473 #583434 #0C0C0E,标题大、图形少、核心词大；舞台远距识别优先。,S1封面、S2三痛点、S9视频、S15收口。
48,┤┤┐═25═╝╞¼/Screenshot_20251016_085941.jpg,逐图预览/C06_蓝色证据页+大白卡/048_Screenshot_20251016_085941.jpg,2800,1260,横版,6,蓝色证据页+大白卡,#6696CE #40578A #1B2A7C #010486 #010117,一侧深蓝逻辑，一侧大面积白色后台/证书/公式；证据比装饰更重要。,S7模型①右侧管理后台、S12智管右侧工单/档案。
49,┤┤┐═25═╝╞¼/Screenshot_20251016_090003.jpg,逐图预览/C06_蓝色证据页+大白卡/049_Screenshot_20251016_090003.jpg,2800,1260,横版,6,蓝色证据页+大白卡,#9CB9C8 #7A8299 #6B6377 #573334 #0B0C0E,一侧深蓝逻辑，一侧大面积白色后台/证书/公式；证据比装饰更重要。,S7模型①右侧管理后台、S12智管右侧工单/档案。
50,┤┤┐═25═╝╞¼/Screenshot_20251016_090127.jpg,逐图预览/C01_竖屏录屏_手机截图/050_Screenshot_20251016_090127.jpg,2800,1260,横版,1,竖屏录屏/手机截图,#83A5CA #525E8F #141F67 #010371 #010207,竖屏信息密度高，适合做素材而非整页版式；应裁切关键区域。,未直接套版；只借鉴“手机界面只露关键步骤”，用于S6、S10。
51,┤┤┐═25═╝╞¼/Screenshot_20251016_090143.jpg,逐图预览/C01_竖屏录屏_手机截图/051_Screenshot_20251016_090143.jpg,2800,1260,横版,1,竖屏录屏/手机截图,#A6C2C5 #3F9562 #405A68 #0A0E56 #000143,竖屏信息密度高，适合做素材而非整页版式；应裁切关键区域。,未直接套版；只借鉴“手机界面只露关键步骤”，用于S6、S10。
52,┤┤┐═25═╝╞¼/Screenshot_20251016_090152.jpg,逐图预览/C07_竖屏实拍_录像界面/052_Screenshot_20251016_090152.jpg,2800,1260,横版,7,竖屏实拍/录像界面,#97B3B1 #3B9357 #3A526B #060A91 #030506,更偏过程记录和实拍，不适合作为决赛主版式。,不直接使用；仅借鉴“关键操作截图+标注线”方法。
53,┤┤┐═25═╝╞¼/Screenshot_20251016_090220.jpg,逐图预览/C04_深蓝科技三步流/053_Screenshot_20251016_090220.jpg,2800,1260,横版,4,深蓝科技三步流,#6C96BE #3E4E7F #0C1860 #01026E #010106,青蓝发光线、编号圆点、三步纵向/横向流程、少量绿色/青色功能胶囊。,S6一库、S7模型①、S8模型②、S10智用、S12智管：统一三步法。
54,┤┤┐═25═╝╞¼/Screenshot_20251016_090226.jpg,逐图预览/C10_蓝青高质感组件页/054_Screenshot_20251016_090226.jpg,2800,1260,横版,10,蓝青高质感组件页,#6F90B9 #3B4A7F #0C195D #01036F #010108,蓝青渐变框、玻璃态卡片、发光描边、黄字小题签、白/青大标题。,S2三痛点直接复用原生组件；S4方案卡、S9转场框、S13成效卡统一风格。
55,┤┤┐═25═╝╞¼/Screenshot_20251016_090259.jpg,逐图预览/C07_竖屏实拍_录像界面/055_Screenshot_20251016_090259.jpg,2800,1260,横版,7,竖屏实拍/录像界面,#6798C3 #33598C #132468 #010476 #010208,更偏过程记录和实拍，不适合作为决赛主版式。,不直接使用；仅借鉴“关键操作截图+标注线”方法。
56,┤┤┐═25═╝╞¼/Screenshot_20251016_090334.jpg,逐图预览/C07_竖屏实拍_录像界面/056_Screenshot_20251016_090334.jpg,2800,1260,横版,7,竖屏实拍/录像界面,#6A90BB #3B4D80 #0E1762 #010164 #010108,更偏过程记录和实拍，不适合作为决赛主版式。,不直接使用；仅借鉴“关键操作截图+标注线”方法。
57,┤┤┐═25═╝╞¼/Screenshot_20251016_090457.jpg,逐图预览/C08_比赛舞台超简洁页/057_Screenshot_20251016_090457.jpg,1260,2800,竖版,8,比赛舞台超简洁页,#627092 #060829 #00004E #020000 #000000,标题大、图形少、核心词大；舞台远距识别优先。,S1封面、S2三痛点、S9视频、S15收口。
58,┤┤┐═25═╝╞¼/Screenshot_20251016_090520.jpg,逐图预览/C04_深蓝科技三步流/058_Screenshot_20251016_090520.jpg,1260,2800,竖版,4,深蓝科技三步流,#364770 #040627 #00004D #020000 #000000,青蓝发光线、编号圆点、三步纵向/横向流程、少量绿色/青色功能胶囊。,S6一库、S7模型①、S8模型②、S10智用、S12智管：统一三步法。
59,┤┤┐═25═╝╞¼/Screenshot_20251016_090531.jpg,逐图预览/C08_比赛舞台超简洁页/059_Screenshot_20251016_090531.jpg,1260,2800,竖版,8,比赛舞台超简洁页,#377084 #163A58 #07111C #000006 #000000,标题大、图形少、核心词大；舞台远距识别优先。,S1封面、S2三痛点、S9视频、S15收口。
60,┤┤┐═25═╝╞¼/Screenshot_20251016_090534.jpg,逐图预览/C01_竖屏录屏_手机截图/060_Screenshot_20251016_090534.jpg,1260,2800,竖版,1,竖屏录屏/手机截图,#285064 #04070E #000007 #020000 #000000,竖屏信息密度高，适合做素材而非整页版式；应裁切关键区域。,未直接套版；只借鉴“手机界面只露关键步骤”，用于S6、S10。
61,┤┤┐═25═╝╞¼/Screenshot_20251016_090541.jpg,逐图预览/C01_竖屏录屏_手机截图/061_Screenshot_20251016_090541.jpg,1260,2800,竖版,1,竖屏录屏/手机截图,#22627F #143048 #060E19 #000004 #000000,竖屏信息密度高，适合做素材而非整页版式；应裁切关键区域。,未直接套版；只借鉴“手机界面只露关键步骤”，用于S6、S10。
62,┤┤┐═25═╝╞¼/Screenshot_20251016_090547.jpg,逐图预览/C03_现场大屏单中心构图/062_Screenshot_20251016_090547.jpg,1260,2800,竖版,3,现场大屏单中心构图,#285C6B #0F1D28 #03050B #000006 #000000,远距离可读：一页一个中心观点，大标题+一个主图/主流程，文字极少。,S3根因、S9视频转场、S15结尾：只留一句核心判断。
63,┤┤┐═25═╝╞¼/Screenshot_20251016_090550.jpg,逐图预览/C03_现场大屏单中心构图/063_Screenshot_20251016_090550.jpg,1260,2800,竖版,3,现场大屏单中心构图,#173645 #03050B #010008 #030000 #000000,远距离可读：一页一个中心观点，大标题+一个主图/主流程，文字极少。,S3根因、S9视频转场、S15结尾：只留一句核心判断。
64,┤┤┐═25═╝╞¼/Screenshot_20251016_090604.jpg,逐图预览/C06_蓝色证据页+大白卡/064_Screenshot_20251016_090604.jpg,1260,2800,竖版,6,蓝色证据页+大白卡,#245C6F #122C48 #050E1D #000002 #000000,一侧深蓝逻辑，一侧大面积白色后台/证书/公式；证据比装饰更重要。,S7模型①右侧管理后台、S12智管右侧工单/档案。
65,┤┤┐═25═╝╞¼/Screenshot_20251016_090606.jpg,逐图预览/C03_现场大屏单中心构图/065_Screenshot_20251016_090606.jpg,1260,2800,竖版,3,现场大屏单中心构图,#193E4F #04050E #03000B #000009 #000000,远距离可读：一页一个中心观点，大标题+一个主图/主流程，文字极少。,S3根因、S9视频转场、S15结尾：只留一句核心判断。
66,┤┤┐═25═╝╞¼/Screenshot_20251016_090618.jpg,逐图预览/C01_竖屏录屏_手机截图/066_Screenshot_20251016_090618.jpg,1260,2800,竖版,1,竖屏录屏/手机截图,#193C4C #04050E #03000A #000009 #000000,竖屏信息密度高，适合做素材而非整页版式；应裁切关键区域。,未直接套版；只借鉴“手机界面只露关键步骤”，用于S6、S10。
67,┤┤┐═25═╝╞¼/Screenshot_20251016_090630.jpg,逐图预览/C05_数据驾驶舱_地图看板/067_Screenshot_20251016_090630.jpg,1260,2800,竖版,5,数据驾驶舱/地图看板,#19262F #03040E #010010 #010000 #000000,整页或半页大屏数据图，强调地图、指标、趋势，外围不堆文字。,S8模型②右侧沙盘、S11智投四屏驾驶舱。
68,┤┤┐═25═╝╞¼/Screenshot_20251016_090633.jpg,逐图预览/C10_蓝青高质感组件页/068_Screenshot_20251016_090633.jpg,1260,2800,竖版,10,蓝青高质感组件页,#183648 #04040E #01000D #030000 #000000,蓝青渐变框、玻璃态卡片、发光描边、黄字小题签、白/青大标题。,S2三痛点直接复用原生组件；S4方案卡、S9转场框、S13成效卡统一风格。
69,┤┤┐═25═╝╞¼/Screenshot_20251016_090847.jpg,逐图预览/C07_竖屏实拍_录像界面/069_Screenshot_20251016_090847.jpg,2800,1260,横版,7,竖屏实拍/录像界面,#80B6D7 #2E536C #192466 #04105E #000147,更偏过程记录和实拍，不适合作为决赛主版式。,不直接使用；仅借鉴“关键操作截图+标注线”方法。
70,┤┤┐═25═╝╞¼/Screenshot_20251016_090850.jpg,逐图预览/C06_蓝色证据页+大白卡/070_Screenshot_20251016_090850.jpg,2800,1260,横版,6,蓝色证据页+大白卡,#97B2C5 #39537F #121C5C #021056 #000249,一侧深蓝逻辑，一侧大面积白色后台/证书/公式；证据比装饰更重要。,S7模型①右侧管理后台、S12智管右侧工单/档案。
71,┤┤┐═25═╝╞¼/Screenshot_20251016_091221.jpg,逐图预览/C10_蓝青高质感组件页/071_Screenshot_20251016_091221.jpg,2800,1260,横版,10,蓝青高质感组件页,#A1CDE0 #8692A6 #756C77 #5D3735 #0C0C0D,蓝青渐变框、玻璃态卡片、发光描边、黄字小题签、白/青大标题。,S2三痛点直接复用原生组件；S4方案卡、S9转场框、S13成效卡统一风格。
72,┤┤┐═25═╝╞¼/Screenshot_20251016_091233.jpg,逐图预览/C01_竖屏录屏_手机截图/072_Screenshot_20251016_091233.jpg,2800,1260,横版,1,竖屏录屏/手机截图,#87AFCA #4C75AE #214291 #050B97 #04071A,竖屏信息密度高，适合做素材而非整页版式；应裁切关键区域。,未直接套版；只借鉴“手机界面只露关键步骤”，用于S6、S10。
73,┤┤┐═25═╝╞¼/Screenshot_20251016_091240.jpg,逐图预览/C08_比赛舞台超简洁页/073_Screenshot_20251016_091240.jpg,2800,1260,横版,8,比赛舞台超简洁页,#69BCE8 #3071CB #1537AE #030BA0 #020526,标题大、图形少、核心词大；舞台远距识别优先。,S1封面、S2三痛点、S9视频、S15收口。
74,┤┤┐═25═╝╞¼/Screenshot_20251016_091252.jpg,逐图预览/C09_深蓝模块化流程_环形图/074_Screenshot_20251016_091252.jpg,2800,1260,横版,9,深蓝模块化流程/环形图,#AFCDDB #38558F #0E143E #020E77 #00042F,模块框、箭头、环形关系、亮青边框；复杂内容被压成模块。,S4“1234”、S5总体蓝图、S14创新双栏。
75,┤┤┐═25═╝╞¼/Screenshot_20251016_091323.jpg,逐图预览/C09_深蓝模块化流程_环形图/075_Screenshot_20251016_091323.jpg,2800,1260,横版,9,深蓝模块化流程/环形图,#B2DDE1 #326EB8 #0319AD #0F1537 #01011D,模块框、箭头、环形关系、亮青边框；复杂内容被压成模块。,S4“1234”、S5总体蓝图、S14创新双栏。
76,┤┤┐═25═╝╞¼/Screenshot_20251016_091409.jpg,逐图预览/C03_现场大屏单中心构图/076_Screenshot_20251016_091409.jpg,2800,1260,横版,3,现场大屏单中心构图,#59A9DC #3F69AB #113297 #02068D #00000F,远距离可读：一页一个中心观点，大标题+一个主图/主流程，文字极少。,S3根因、S9视频转场、S15结尾：只留一句核心判断。
77,┤┤┐═25═╝╞¼/Screenshot_20251016_091421.jpg,逐图预览/C06_蓝色证据页+大白卡/077_Screenshot_20251016_091421.jpg,2800,1260,横版,6,蓝色证据页+大白卡,#62ABDA #3D6AAD #133397 #02068E #000011,一侧深蓝逻辑，一侧大面积白色后台/证书/公式；证据比装饰更重要。,S7模型①右侧管理后台、S12智管右侧工单/档案。
78,┤┤┐═25═╝╞¼/Screenshot_20251016_091433.jpg,逐图预览/C01_竖屏录屏_手机截图/078_Screenshot_20251016_091433.jpg,2800,1260,横版,1,竖屏录屏/手机截图,#81CAE8 #3E65B1 #0C1593 #000D88 #00002D,竖屏信息密度高，适合做素材而非整页版式；应裁切关键区域。,未直接套版；只借鉴“手机界面只露关键步骤”，用于S6、S10。
79,┤┤┐═25═╝╞¼/Screenshot_20251016_091512.jpg,逐图预览/C03_现场大屏单中心构图/079_Screenshot_20251016_091512.jpg,2800,1260,横版,3,现场大屏单中心构图,#8EBBDD #2552A2 #0A128E #00047B #000000,远距离可读：一页一个中心观点，大标题+一个主图/主流程，文字极少。,S3根因、S9视频转场、S15结尾：只留一句核心判断。
80,┤┤┐═25═╝╞¼/Screenshot_20251016_091535.jpg,逐图预览/C03_现场大屏单中心构图/080_Screenshot_20251016_091535.jpg,2800,1260,横版,3,现场大屏单中心构图,#C8E5F4 #4C8EC8 #2148A2 #030999 #010112,远距离可读：一页一个中心观点，大标题+一个主图/主流程，文字极少。,S3根因、S9视频转场、S15结尾：只留一句核心判断。
81,┤┤┐═25═╝╞¼/Screenshot_20251016_091553.jpg,逐图预览/C01_竖屏录屏_手机截图/081_Screenshot_20251016_091553.jpg,2800,1260,横版,1,竖屏录屏/手机截图,#CFEEF8 #519ACE #2449A5 #030997 #010111,竖屏信息密度高，适合做素材而非整页版式；应裁切关键区域。,未直接套版；只借鉴“手机界面只露关键步骤”，用于S6、S10。
82,┤┤┐═25═╝╞¼/Screenshot_20251016_091614.jpg,逐图预览/C01_竖屏录屏_手机截图/082_Screenshot_20251016_091614.jpg,2800,1260,横版,1,竖屏录屏/手机截图,#68B6DD #4278B2 #1C449D #030A99 #010212,竖屏信息密度高，适合做素材而非整页版式；应裁切关键区域。,未直接套版；只借鉴“手机界面只露关键步骤”，用于S6、S10。
83,┤┤┐═25═╝╞¼/Screenshot_20251016_091640.jpg,逐图预览/C08_比赛舞台超简洁页/083_Screenshot_20251016_091640.jpg,2800,1260,横版,8,比赛舞台超简洁页,#5FB3DA #3972AF #1641A1 #030996 #000111,标题大、图形少、核心词大；舞台远距识别优先。,S1封面、S2三痛点、S9视频、S15收口。
84,┤┤┐═25═╝╞¼/Screenshot_20251016_091704.jpg,逐图预览/C06_蓝色证据页+大白卡/084_Screenshot_20251016_091704.jpg,2800,1260,横版,6,蓝色证据页+大白卡,#6596C5 #3E5997 #112571 #010383 #010204,一侧深蓝逻辑，一侧大面积白色后台/证书/公式；证据比装饰更重要。,S7模型①右侧管理后台、S12智管右侧工单/档案。
85,┤┤┐═25═╝╞¼/Screenshot_20251016_091716.jpg,逐图预览/C05_数据驾驶舱_地图看板/085_Screenshot_20251016_091716.jpg,2800,1260,横版,5,数据驾驶舱/地图看板,#6497C5 #3D5997 #11246F #010480 #010204,整页或半页大屏数据图，强调地图、指标、趋势，外围不堆文字。,S8模型②右侧沙盘、S11智投四屏驾驶舱。
86,┤┤┐═25═╝╞¼/Screenshot_20251016_091735.jpg,逐图预览/C10_蓝青高质感组件页/086_Screenshot_20251016_091735.jpg,2800,1260,横版,10,蓝青高质感组件页,#5076AE #11246F #03075C #00026D #000000,蓝青渐变框、玻璃态卡片、发光描边、黄字小题签、白/青大标题。,S2三痛点直接复用原生组件；S4方案卡、S9转场框、S13成效卡统一风格。
87,┤┤┐═25═╝╞¼/Screenshot_20251016_091804.jpg,逐图预览/C06_蓝色证据页+大白卡/087_Screenshot_20251016_091804.jpg,2800,1260,横版,6,蓝色证据页+大白卡,#6496C7 #435C97 #132673 #010481 #010204,一侧深蓝逻辑，一侧大面积白色后台/证书/公式；证据比装饰更重要。,S7模型①右侧管理后台、S12智管右侧工单/档案。
88,┤┤┐═25═╝╞¼/Screenshot_20251016_091818.jpg,逐图预览/C02_蓝色舞台框+浅色证据卡/088_Screenshot_20251016_091818.jpg,2800,1260,横版,2,蓝色舞台框+浅色证据卡,#D0E2EF #5E86BB #1932AD #010599 #000114,深蓝背景中嵌一张高亮白/浅卡，视觉中心清晰，外围少量标签。,S7模型①、S12智管：后台截图集中为一个证据区，左侧保留三步法。
89,┤┤┐═25═╝╞¼/Screenshot_20251016_091830.jpg,逐图预览/C09_深蓝模块化流程_环形图/089_Screenshot_20251016_091830.jpg,2800,1260,横版,9,深蓝模块化流程/环形图,#5FB1DB #3B6FAD #123998 #030996 #000112,模块框、箭头、环形关系、亮青边框；复杂内容被压成模块。,S4“1234”、S5总体蓝图、S14创新双栏。
90,┤┤┐═25═╝╞¼/Screenshot_20251016_091849.jpg,逐图预览/C06_蓝色证据页+大白卡/090_Screenshot_20251016_091849.jpg,2800,1260,横版,6,蓝色证据页+大白卡,#56A8DD #3E63AF #0C27AC #010596 #000114,一侧深蓝逻辑，一侧大面积白色后台/证书/公式；证据比装饰更重要。,S7模型①右侧管理后台、S12智管右侧工单/档案。
91,┤┤┐═25═╝╞¼/Screenshot_20251016_091914.jpg,逐图预览/C00_轻色产品界面+实机_手机实景/091_Screenshot_20251016_091914.jpg,2800,1260,横版,0,轻色产品界面+实机/手机实景,#92A5BC #6E7497 #605888 #502B2F #080A16,白/浅色产品UI作为证据主体，配手机或实景外壳；不做大面积装饰。,S6一库见底、S10智用：真实小程序/报修界面放进深蓝母版；只把UI当证据，不改变母版。
92,┤┤┐═25═╝╞¼/Screenshot_20251016_091924.jpg,逐图预览/C01_竖屏录屏_手机截图/092_Screenshot_20251016_091924.jpg,2800,1260,横版,1,竖屏录屏/手机截图,#93A5B9 #717594 #615A8C #522C31 #090A17,竖屏信息密度高，适合做素材而非整页版式；应裁切关键区域。,未直接套版；只借鉴“手机界面只露关键步骤”，用于S6、S10。
93,┤┤┐═25═╝╞¼/Screenshot_20251016_091934.jpg,逐图预览/C05_数据驾驶舱_地图看板/093_Screenshot_20251016_091934.jpg,2800,1260,横版,5,数据驾驶舱/地图看板,#92A5BA #707697 #625A8A #532C32 #090B17,整页或半页大屏数据图，强调地图、指标、趋势，外围不堆文字。,S8模型②右侧沙盘、S11智投四屏驾驶舱。
94,┤┤┐═25═╝╞¼/Screenshot_20251016_092032.jpg,逐图预览/C08_比赛舞台超简洁页/094_Screenshot_20251016_092032.jpg,2800,1260,横版,8,比赛舞台超简洁页,#8A9CA2 #605A6F #6C2E22 #362B2F #09090B,标题大、图形少、核心词大；舞台远距识别优先。,S1封面、S2三痛点、S9视频、S15收口。
95,┤┤┐═25═╝╞¼/Screenshot_20251016_092055.jpg,逐图预览/C00_轻色产品界面+实机_手机实景/095_Screenshot_20251016_092055.jpg,2800,1260,横版,0,轻色产品界面+实机/手机实景,#87AEC6 #5E7DB4 #666281 #562E2A #090A0D,白/浅色产品UI作为证据主体，配手机或实景外壳；不做大面积装饰。,S6一库见底、S10智用：真实小程序/报修界面放进深蓝母版；只把UI当证据，不改变母版。
96,┤┤┐═25═╝╞¼/Screenshot_20251016_092124.jpg,逐图预览/C09_深蓝模块化流程_环形图/096_Screenshot_20251016_092124.jpg,2800,1260,横版,9,深蓝模块化流程/环形图,#6195CD #334F98 #14308A #030F9E #06081F,模块框、箭头、环形关系、亮青边框；复杂内容被压成模块。,S4“1234”、S5总体蓝图、S14创新双栏。
97,┤┤┐═25═╝╞¼/Screenshot_20251016_092132.jpg,逐图预览/C03_现场大屏单中心构图/097_Screenshot_20251016_092132.jpg,2800,1260,横版,3,现场大屏单中心构图,#87B3DD #3665B8 #233882 #040E9F #06071D,远距离可读：一页一个中心观点，大标题+一个主图/主流程，文字极少。,S3根因、S9视频转场、S15结尾：只留一句核心判断。
98,┤┤┐═25═╝╞¼/Screenshot_20251016_092255.jpg,逐图预览/C04_深蓝科技三步流/098_Screenshot_20251016_092255.jpg,2800,1260,横版,4,深蓝科技三步流,#264E8D #07256F #0E101F #030B19 #000207,青蓝发光线、编号圆点、三步纵向/横向流程、少量绿色/青色功能胶囊。,S6一库、S7模型①、S8模型②、S10智用、S12智管：统一三步法。
99,┤┤┐═25═╝╞¼/Screenshot_20251016_092337.jpg,逐图预览/C09_深蓝模块化流程_环形图/099_Screenshot_20251016_092337.jpg,2800,1260,横版,9,深蓝模块化流程/环形图,#3094C6 #1D5093 #082B80 #05103C #01020D,模块框、箭头、环形关系、亮青边框；复杂内容被压成模块。,S4“1234”、S5总体蓝图、S14创新双栏。
100,┤┤┐═25═╝╞¼/Screenshot_20251016_092431.jpg,逐图预览/C07_竖屏实拍_录像界面/100_Screenshot_20251016_092431.jpg,2800,1260,横版,7,竖屏实拍/录像界面,#3466A4 #183B81 #082774 #090F23 #000206,更偏过程记录和实拍，不适合作为决赛主版式。,不直接使用；仅借鉴“关键操作截图+标注线”方法。
101,┤┤┐═25═╝╞¼/Screenshot_20251016_092458.jpg,逐图预览/C09_深蓝模块化流程_环形图/101_Screenshot_20251016_092458.jpg,2800,1260,横版,9,深蓝模块化流程/环形图,#6894C3 #2C57AE #1B378B #04119F #050619,模块框、箭头、环形关系、亮青边框；复杂内容被压成模块。,S4“1234”、S5总体蓝图、S14创新双栏。
102,┤┤┐═25═╝╞¼/Screenshot_20251016_092511.jpg,逐图预览/C06_蓝色证据页+大白卡/102_Screenshot_20251016_092511.jpg,2800,1260,横版,6,蓝色证据页+大白卡,#85AAD6 #273D8B #071EA2 #010299 #05061B,一侧深蓝逻辑，一侧大面积白色后台/证书/公式；证据比装饰更重要。,S7模型①右侧管理后台、S12智管右侧工单/档案。
103,┤┤┐═25═╝╞¼/Screenshot_20251016_092543.jpg,逐图预览/C06_蓝色证据页+大白卡/103_Screenshot_20251016_092543.jpg,2800,1260,横版,6,蓝色证据页+大白卡,#5B82C5 #1E3687 #061EA1 #010299 #04051A,一侧深蓝逻辑，一侧大面积白色后台/证书/公式；证据比装饰更重要。,S7模型①右侧管理后台、S12智管右侧工单/档案。
104,┤┤┐═25═╝╞¼/Screenshot_20251016_092630.jpg,逐图预览/C04_深蓝科技三步流/104_Screenshot_20251016_092630.jpg,2800,1260,横版,4,深蓝科技三步流,#6395CD #2C52A8 #18358C #04109D #04061B,青蓝发光线、编号圆点、三步纵向/横向流程、少量绿色/青色功能胶囊。,S6一库、S7模型①、S8模型②、S10智用、S12智管：统一三步法。
105,┤┤┐═25═╝╞¼/Screenshot_20251016_092644.jpg,逐图预览/C02_蓝色舞台框+浅色证据卡/105_Screenshot_20251016_092644.jpg,2800,1260,横版,2,蓝色舞台框+浅色证据卡,#5C81B9 #2B3E7E #0D1378 #00098B #000000,深蓝背景中嵌一张高亮白/浅卡，视觉中心清晰，外围少量标签。,S7模型①、S12智管：后台截图集中为一个证据区，左侧保留三步法。
106,┤┤┐═25═╝╞¼/Screenshot_20251016_092909.jpg,逐图预览/C05_数据驾驶舱_地图看板/106_Screenshot_20251016_092909.jpg,2800,1260,横版,5,数据驾驶舱/地图看板,#EAF0FA #E0E5F1 #DFE5F1 #DDE5F0 #54585C,整页或半页大屏数据图，强调地图、指标、趋势，外围不堆文字。,S8模型②右侧沙盘、S11智投四屏驾驶舱。
107,┤┤┐═25═╝╞¼/Screenshot_20251016_092945.jpg,逐图预览/C01_竖屏录屏_手机截图/107_Screenshot_20251016_092945.jpg,2800,1260,横版,1,竖屏录屏/手机截图,#98CDE3 #6D7C95 #5B5662 #492726 #060609,竖屏信息密度高，适合做素材而非整页版式；应裁切关键区域。,未直接套版；只借鉴“手机界面只露关键步骤”，用于S6、S10。
108,┤┤┐═25═╝╞¼/Screenshot_20251016_092956.jpg,逐图预览/C06_蓝色证据页+大白卡/108_Screenshot_20251016_092956.jpg,2800,1260,横版,6,蓝色证据页+大白卡,#7FC5EA #5488C9 #374D91 #070F9E #040717,一侧深蓝逻辑，一侧大面积白色后台/证书/公式；证据比装饰更重要。,S7模型①右侧管理后台、S12智管右侧工单/档案。
109,┤┤┐═25═╝╞¼/Screenshot_20251016_093014.jpg,逐图预览/C10_蓝青高质感组件页/109_Screenshot_20251016_093014.jpg,2800,1260,横版,10,蓝青高质感组件页,#5D7199 #1B1B6E #010297 #02020C #000000,蓝青渐变框、玻璃态卡片、发光描边、黄字小题签、白/青大标题。,S2三痛点直接复用原生组件；S4方案卡、S9转场框、S13成效卡统一风格。
110,┤┤┐═25═╝╞¼/Screenshot_20251016_093022.jpg,逐图预览/C03_现场大屏单中心构图/110_Screenshot_20251016_093022.jpg,2800,1260,横版,3,现场大屏单中心构图,#6E8DBD #363A70 #1A1D26 #060980 #000000,远距离可读：一页一个中心观点，大标题+一个主图/主流程，文字极少。,S3根因、S9视频转场、S15结尾：只留一句核心判断。
111,┤┤┐═25═╝╞¼/Screenshot_20251016_093104.jpg,逐图预览/C04_深蓝科技三步流/111_Screenshot_20251016_093104.jpg,2800,1260,横版,4,深蓝科技三步流,#778AAC #191D67 #01018C #010108 #000000,青蓝发光线、编号圆点、三步纵向/横向流程、少量绿色/青色功能胶囊。,S6一库、S7模型①、S8模型②、S10智用、S12智管：统一三步法。
112,┤┤┐═25═╝╞¼/Screenshot_20251016_093111.jpg,逐图预览/C02_蓝色舞台框+浅色证据卡/112_Screenshot_20251016_093111.jpg,2800,1260,横版,2,蓝色舞台框+浅色证据卡,#EBF1F9 #737FA6 #10126C #000B85 #00002C,深蓝背景中嵌一张高亮白/浅卡，视觉中心清晰，外围少量标签。,S7模型①、S12智管：后台截图集中为一个证据区，左侧保留三步法。
113,┤┤┐═25═╝╞¼/Screenshot_20251016_093144.jpg,逐图预览/C09_深蓝模块化流程_环形图/113_Screenshot_20251016_093144.jpg,2800,1260,横版,9,深蓝模块化流程/环形图,#9C9EA0 #6E6C68 #5C4E4A #482622 #070707,模块框、箭头、环形关系、亮青边框；复杂内容被压成模块。,S4“1234”、S5总体蓝图、S14创新双栏。
114,┤┤┐═25═╝╞¼/Screenshot_20251016_093214.jpg,逐图预览/C05_数据驾驶舱_地图看板/114_Screenshot_20251016_093214.jpg,2800,1260,横版,5,数据驾驶舱/地图看板,#89C4DD #494B7E #0307A9 #070851 #000000,整页或半页大屏数据图，强调地图、指标、趋势，外围不堆文字。,S8模型②右侧沙盘、S11智投四屏驾驶舱。
115,┤┤┐═25═╝╞¼/Screenshot_20251016_093319.jpg,逐图预览/C01_竖屏录屏_手机截图/115_Screenshot_20251016_093319.jpg,2800,1260,横版,1,竖屏录屏/手机截图,#879EB6 #58546F #181B6A #010146 #000000,竖屏信息密度高，适合做素材而非整页版式；应裁切关键区域。,未直接套版；只借鉴“手机界面只露关键步骤”，用于S6、S10。
116,┤┤┐═25═╝╞¼/Screenshot_20251016_093432.jpg,逐图预览/C01_竖屏录屏_手机截图/116_Screenshot_20251016_093432.jpg,2800,1260,横版,1,竖屏录屏/手机截图,#8D908F #646164 #54494E #472420 #060606,竖屏信息密度高，适合做素材而非整页版式；应裁切关键区域。,未直接套版；只借鉴“手机界面只露关键步骤”，用于S6、S10。
117,┤┤┐═25═╝╞¼/Screenshot_20251016_093606.jpg,逐图预览/C01_竖屏录屏_手机截图/117_Screenshot_20251016_093606.jpg,2800,1260,横版,1,竖屏录屏/手机截图,#5070AC #21427D #10295A #021245 #01040D,竖屏信息密度高，适合做素材而非整页版式；应裁切关键区域。,未直接套版；只借鉴“手机界面只露关键步骤”，用于S6、S10。
118,┤┤┐═25═╝╞¼/Screenshot_20251016_093741.jpg,逐图预览/C05_数据驾驶舱_地图看板/118_Screenshot_20251016_093741.jpg,2800,1260,横版,5,数据驾驶舱/地图看板,#94A4B5 #676D83 #56526C #4B2725 #070707,整页或半页大屏数据图，强调地图、指标、趋势，外围不堆文字。,S8模型②右侧沙盘、S11智投四屏驾驶舱。
119,┤┤┐═25═╝╞¼/Screenshot_20251016_093830.jpg,逐图预览/C07_竖屏实拍_录像界面/119_Screenshot_20251016_093830.jpg,2800,1260,横版,7,竖屏实拍/录像界面,#A8CBEB #414F82 #1E246C #04106C #00024B,更偏过程记录和实拍，不适合作为决赛主版式。,不直接使用；仅借鉴“关键操作截图+标注线”方法。
120,┤┤┐═25═╝╞¼/Screenshot_20251016_093937.jpg,逐图预览/C03_现场大屏单中心构图/120_Screenshot_20251016_093937.jpg,2800,1260,横版,3,现场大屏单中心构图,#D6E2EB #254372 #13182C #070205 #000001,远距离可读：一页一个中心观点，大标题+一个主图/主流程，文字极少。,S3根因、S9视频转场、S15结尾：只留一句核心判断。
121,┤┤┐═25═╝╞¼/Screenshot_20251016_094515.jpg,逐图预览/C05_数据驾驶舱_地图看板/121_Screenshot_20251016_094515.jpg,2800,1260,横版,5,数据驾驶舱/地图看板,#8992A3 #626380 #534B7F #472531 #080B25,整页或半页大屏数据图，强调地图、指标、趋势，外围不堆文字。,S8模型②右侧沙盘、S11智投四屏驾驶舱。
122,┤┤┐═25═╝╞¼/Screenshot_20251016_094559.jpg,逐图预览/C08_比赛舞台超简洁页/122_Screenshot_20251016_094559.jpg,2800,1260,横版,8,比赛舞台超简洁页,#DEE9FA #8BABD7 #333A8F #040D70 #00034C,标题大、图形少、核心词大；舞台远距识别优先。,S1封面、S2三痛点、S9视频、S15收口。
123,┤┤┐═25═╝╞¼/Screenshot_20251016_095026.jpg,逐图预览/C06_蓝色证据页+大白卡/123_Screenshot_20251016_095026.jpg,1260,2800,竖版,6,蓝色证据页+大白卡,#CBD7E8 #28334C #0A123F #04093E #010133,一侧深蓝逻辑，一侧大面积白色后台/证书/公式；证据比装饰更重要。,S7模型①右侧管理后台、S12智管右侧工单/档案。
124,┤┤┐═25═╝╞¼/Screenshot_20251016_095037.jpg,逐图预览/C03_现场大屏单中心构图/124_Screenshot_20251016_095037.jpg,1260,2800,竖版,3,现场大屏单中心构图,#CBDBF3 #4C5E8C #1A244D #030854 #040430,远距离可读：一页一个中心观点，大标题+一个主图/主流程，文字极少。,S3根因、S9视频转场、S15结尾：只留一句核心判断。
125,┤┤┐═25═╝╞¼/Screenshot_20251016_095153.jpg,逐图预览/C04_深蓝科技三步流/125_Screenshot_20251016_095153.jpg,1260,2800,竖版,4,深蓝科技三步流,#B7C8E0 #455276 #19224B #020755 #030430,青蓝发光线、编号圆点、三步纵向/横向流程、少量绿色/青色功能胶囊。,S6一库、S7模型①、S8模型②、S10智用、S12智管：统一三步法。
126,┤┤┐═25═╝╞¼/Screenshot_20251016_095216.jpg,逐图预览/C11_办公屏幕_Excel实拍/126_Screenshot_20251016_095216.jpg,1260,2800,竖版,11,办公屏幕/Excel实拍,#EFF6FE #B0BBCC #222D47 #080B36 #00043B,信息真实但视觉噪声大，适合备份证据，不适合主舞台。,不用于主PPT；只保留后台真实截图作为可信度证据。
127,┤┤┐═25═╝╞¼/Screenshot_20251016_095222.jpg,逐图预览/C07_竖屏实拍_录像界面/127_Screenshot_20251016_095222.jpg,1260,2800,竖版,7,竖屏实拍/录像界面,#364D5B #202C42 #101838 #07072C #000435,更偏过程记录和实拍，不适合作为决赛主版式。,不直接使用；仅借鉴“关键操作截图+标注线”方法。
128,┤┤┐═25═╝╞¼/Screenshot_20251016_095229.jpg,逐图预览/C04_深蓝科技三步流/128_Screenshot_20251016_095229.jpg,1260,2800,竖版,4,深蓝科技三步流,#B1C7E6 #475784 #19234D #020755 #040430,青蓝发光线、编号圆点、三步纵向/横向流程、少量绿色/青色功能胶囊。,S6一库、S7模型①、S8模型②、S10智用、S12智管：统一三步法。
129,┤┤┐═25═╝╞¼/Screenshot_20251016_095255.jpg,逐图预览/C04_深蓝科技三步流/129_Screenshot_20251016_095255.jpg,1260,2800,竖版,4,深蓝科技三步流,#BFD5F2 #465A8A #19234C #020754 #040430,青蓝发光线、编号圆点、三步纵向/横向流程、少量绿色/青色功能胶囊。,S6一库、S7模型①、S8模型②、S10智用、S12智管：统一三步法。
130,┤┤┐═25═╝╞¼/Screenshot_20251016_095330.jpg,逐图预览/C03_现场大屏单中心构图/130_Screenshot_20251016_095330.jpg,1260,2800,竖版,3,现场大屏单中心构图,#C9D9F1 #4C5F8B #1A234C #030854 #030430,远距离可读：一页一个中心观点，大标题+一个主图/主流程，文字极少。,S3根因、S9视频转场、S15结尾：只留一句核心判断。
131,┤┤┐═25═╝╞¼/Screenshot_20251016_095345.jpg,逐图预览/C01_竖屏录屏_手机截图/131_Screenshot_20251016_095345.jpg,1260,2800,竖版,1,竖屏录屏/手机截图,#CBDAF2 #4B5D8C #1A234C #030854 #030430,竖屏信息密度高，适合做素材而非整页版式；应裁切关键区域。,未直接套版；只借鉴“手机界面只露关键步骤”，用于S6、S10。
132,┤┤┐═25═╝╞¼/Screenshot_20251016_095418.jpg,逐图预览/C05_数据驾驶舱_地图看板/132_Screenshot_20251016_095418.jpg,1260,2800,竖版,5,数据驾驶舱/地图看板,#7D8FB0 #131C4B #010664 #02043A #01012F,整页或半页大屏数据图，强调地图、指标、趋势，外围不堆文字。,S8模型②右侧沙盘、S11智投四屏驾驶舱。
133,┤┤┐═25═╝╞¼/Screenshot_20251016_095423.jpg,逐图预览/C03_现场大屏单中心构图/133_Screenshot_20251016_095423.jpg,1260,2800,竖版,3,现场大屏单中心构图,#696A88 #393E64 #212543 #0E0932 #00043B,远距离可读：一页一个中心观点，大标题+一个主图/主流程，文字极少。,S3根因、S9视频转场、S15结尾：只留一句核心判断。
134,┤┤┐═25═╝╞¼/Screenshot_20251016_095503.jpg,逐图预览/C06_蓝色证据页+大白卡/134_Screenshot_20251016_095503.jpg,1260,2800,竖版,6,蓝色证据页+大白卡,#254469 #0F193F #030942 #000239 #02031F,一侧深蓝逻辑，一侧大面积白色后台/证书/公式；证据比装饰更重要。,S7模型①右侧管理后台、S12智管右侧工单/档案。
135,┤┤┐═25═╝╞¼/Screenshot_20251016_095523.jpg,逐图预览/C04_深蓝科技三步流/135_Screenshot_20251016_095523.jpg,1260,2800,竖版,4,深蓝科技三步流,#456892 #1D3451 #111B40 #02063F #020320,青蓝发光线、编号圆点、三步纵向/横向流程、少量绿色/青色功能胶囊。,S6一库、S7模型①、S8模型②、S10智用、S12智管：统一三步法。
136,┤┤┐═25═╝╞¼/Screenshot_20251016_095527.jpg,逐图预览/C06_蓝色证据页+大白卡/136_Screenshot_20251016_095527.jpg,1260,2800,竖版,6,蓝色证据页+大白卡,#22354F #0C1636 #05062B #00043F #00011B,一侧深蓝逻辑，一侧大面积白色后台/证书/公式；证据比装饰更重要。,S7模型①右侧管理后台、S12智管右侧工单/档案。
137,┤┤┐═25═╝╞¼/Screenshot_20251016_095540.jpg,逐图预览/C09_深蓝模块化流程_环形图/137_Screenshot_20251016_095540.jpg,1260,2800,竖版,9,深蓝模块化流程/环形图,#595F6A #23263D #180E32 #030534 #00043B,模块框、箭头、环形关系、亮青边框；复杂内容被压成模块。,S4“1234”、S5总体蓝图、S14创新双栏。
138,┤┤┐═25═╝╞¼/Screenshot_20251016_095545.jpg,逐图预览/C07_竖屏实拍_录像界面/138_Screenshot_20251016_095545.jpg,1260,2800,竖版,7,竖屏实拍/录像界面,#4B6F9B #223556 #121B4A #020653 #02032B,更偏过程记录和实拍，不适合作为决赛主版式。,不直接使用；仅借鉴“关键操作截图+标注线”方法。
139,┤┤┐═25═╝╞¼/Screenshot_20251016_095608.jpg,逐图预览/C07_竖屏实拍_录像界面/139_Screenshot_20251016_095608.jpg,1260,2800,竖版,7,竖屏实拍/录像界面,#435F8B #193256 #111C4A #020653 #03032B,更偏过程记录和实拍，不适合作为决赛主版式。,不直接使用；仅借鉴“关键操作截图+标注线”方法。
140,┤┤┐═25═╝╞¼/Screenshot_20251016_095703.jpg,逐图预览/C04_深蓝科技三步流/140_Screenshot_20251016_095703.jpg,1260,2800,竖版,4,深蓝科技三步流,#354658 #202944 #0D163D #020540 #020326,青蓝发光线、编号圆点、三步纵向/横向流程、少量绿色/青色功能胶囊。,S6一库、S7模型①、S8模型②、S10智用、S12智管：统一三步法。
141,┤┤┐═25═╝╞¼/Screenshot_20251016_095722.jpg,逐图预览/C04_深蓝科技三步流/141_Screenshot_20251016_095722.jpg,2800,1260,横版,4,深蓝科技三步流,#41505E #222F43 #0A1630 #010337 #010101,青蓝发光线、编号圆点、三步纵向/横向流程、少量绿色/青色功能胶囊。,S6一库、S7模型①、S8模型②、S10智用、S12智管：统一三步法。
142,┤┤┐═25═╝╞¼/Screenshot_20251016_095734.jpg,逐图预览/C05_数据驾驶舱_地图看板/142_Screenshot_20251016_095734.jpg,2800,1260,横版,5,数据驾驶舱/地图看板,#31465A #1C293C #06132E #010337 #010101,整页或半页大屏数据图，强调地图、指标、趋势，外围不堆文字。,S8模型②右侧沙盘、S11智投四屏驾驶舱。
143,┤┤┐═25═╝╞¼/Screenshot_20251016_095754.jpg,逐图预览/C04_深蓝科技三步流/143_Screenshot_20251016_095754.jpg,2800,1260,横版,4,深蓝科技三步流,#3F5361 #213045 #0B1530 #010334 #010101,青蓝发光线、编号圆点、三步纵向/横向流程、少量绿色/青色功能胶囊。,S6一库、S7模型①、S8模型②、S10智用、S12智管：统一三步法。
144,┤┤┐═25═╝╞¼/Screenshot_20251016_095808.jpg,逐图预览/C04_深蓝科技三步流/144_Screenshot_20251016_095808.jpg,2800,1260,横版,4,深蓝科技三步流,#565D66 #29364A #0E1632 #010335 #010101,青蓝发光线、编号圆点、三步纵向/横向流程、少量绿色/青色功能胶囊。,S6一库、S7模型①、S8模型②、S10智用、S12智管：统一三步法。
145,┤┤┐═25═╝╞¼/Screenshot_20251016_095857.jpg,逐图预览/C01_竖屏录屏_手机截图/145_Screenshot_20251016_095857.jpg,2800,1260,横版,1,竖屏录屏/手机截图,#5C6168 #28394D #0D1833 #010335 #010101,竖屏信息密度高，适合做素材而非整页版式；应裁切关键区域。,未直接套版；只借鉴“手机界面只露关键步骤”，用于S6、S10。
146,┤┤┐═25═╝╞¼/Screenshot_20251016_095944.jpg,逐图预览/C06_蓝色证据页+大白卡/146_Screenshot_20251016_095944.jpg,1260,2800,竖版,6,蓝色证据页+大白卡,#45587A #121B48 #010768 #03053C #030329,一侧深蓝逻辑，一侧大面积白色后台/证书/公式；证据比装饰更重要。,S7模型①右侧管理后台、S12智管右侧工单/档案。
147,┤┤┐═25═╝╞¼/Screenshot_20251016_095950.jpg,逐图预览/C01_竖屏录屏_手机截图/147_Screenshot_20251016_095950.jpg,2800,1260,横版,1,竖屏录屏/手机截图,#99BEE0 #506397 #152769 #020677 #010101,竖屏信息密度高，适合做素材而非整页版式；应裁切关键区域。,未直接套版；只借鉴“手机界面只露关键步骤”，用于S6、S10。
148,┤┤┐═25═╝╞¼/Screenshot_20251016_100007.jpg,逐图预览/C04_深蓝科技三步流/148_Screenshot_20251016_100007.jpg,2800,1260,横版,4,深蓝科技三步流,#99C1E0 #526FA5 #173175 #030783 #010102,青蓝发光线、编号圆点、三步纵向/横向流程、少量绿色/青色功能胶囊。,S6一库、S7模型①、S8模型②、S10智用、S12智管：统一三步法。
149,┤┤┐═25═╝╞¼/Screenshot_20251016_100106.jpg,逐图预览/C04_深蓝科技三步流/149_Screenshot_20251016_100106.jpg,2800,1260,横版,4,深蓝科技三步流,#8EBEDB #556B9E #162A68 #030776 #000001,青蓝发光线、编号圆点、三步纵向/横向流程、少量绿色/青色功能胶囊。,S6一库、S7模型①、S8模型②、S10智用、S12智管：统一三步法。
150,┤┤┐═25═╝╞¼/Screenshot_20251016_100137.jpg,逐图预览/C04_深蓝科技三步流/150_Screenshot_20251016_100137.jpg,2800,1260,横版,4,深蓝科技三步流,#6596C8 #385491 #0D286C #02077D #000101,青蓝发光线、编号圆点、三步纵向/横向流程、少量绿色/青色功能胶囊。,S6一库、S7模型①、S8模型②、S10智用、S12智管：统一三步法。
151,┤┤┐═25═╝╞¼/Screenshot_20251016_100151.jpg,逐图预览/C09_深蓝模块化流程_环形图/151_Screenshot_20251016_100151.jpg,2800,1260,横版,9,深蓝模块化流程/环形图,#72A6D2 #4B679B #153176 #03067F #000001,模块框、箭头、环形关系、亮青边框；复杂内容被压成模块。,S4“1234”、S5总体蓝图、S14创新双栏。
152,┤┤┐═25═╝╞¼/Screenshot_20251016_100214.jpg,逐图预览/C08_比赛舞台超简洁页/152_Screenshot_20251016_100214.jpg,2800,1260,横版,8,比赛舞台超简洁页,#9FC1D8 #576FA2 #153075 #020780 #000001,标题大、图形少、核心词大；舞台远距识别优先。,S1封面、S2三痛点、S9视频、S15收口。
153,┤┤┐═25═╝╞¼/Screenshot_20251016_100241.jpg,逐图预览/C06_蓝色证据页+大白卡/153_Screenshot_20251016_100241.jpg,2800,1260,横版,6,蓝色证据页+大白卡,#7B818B #595056 #65261E #302726 #070707,一侧深蓝逻辑，一侧大面积白色后台/证书/公式；证据比装饰更重要。,S7模型①右侧管理后台、S12智管右侧工单/档案。
154,┤┤┐═25═╝╞¼/Screenshot_20251016_100246.jpg,逐图预览/C06_蓝色证据页+大白卡/154_Screenshot_20251016_100246.jpg,2800,1260,横版,6,蓝色证据页+大白卡,#A2A2A7 #6E6D70 #5A5056 #4A2623 #070707,一侧深蓝逻辑，一侧大面积白色后台/证书/公式；证据比装饰更重要。,S7模型①右侧管理后台、S12智管右侧工单/档案。
155,┤┤┐═25═╝╞¼/Screenshot_20251016_100315.jpg,逐图预览/C06_蓝色证据页+大白卡/155_Screenshot_20251016_100315.jpg,2800,1260,横版,6,蓝色证据页+大白卡,#8B92A3 #61627F #514980 #452332 #06081D,一侧深蓝逻辑，一侧大面积白色后台/证书/公式；证据比装饰更重要。,S7模型①右侧管理后台、S12智管右侧工单/档案。
156,┤┤┐═25═╝╞¼/Screenshot_20251016_100358.jpg,逐图预览/C10_蓝青高质感组件页/156_Screenshot_20251016_100358.jpg,2800,1260,横版,10,蓝青高质感组件页,#7C90A4 #5E575F #692A21 #382A2B #090909,蓝青渐变框、玻璃态卡片、发光描边、黄字小题签、白/青大标题。,S2三痛点直接复用原生组件；S4方案卡、S9转场框、S13成效卡统一风格。
157,┤┤┐═25═╝╞¼/Screenshot_20251016_100447.jpg,逐图预览/C08_比赛舞台超简洁页/157_Screenshot_20251016_100447.jpg,2800,1260,横版,8,比赛舞台超简洁页,#A5AEB9 #71737B #5E555D #512B27 #0A0A0B,标题大、图形少、核心词大；舞台远距识别优先。,S1封面、S2三痛点、S9视频、S15收口。
158,┤┤┐═25═╝╞¼/Screenshot_20251016_100530.jpg,逐图预览/C01_竖屏录屏_手机截图/158_Screenshot_20251016_100530.jpg,2800,1260,横版,1,竖屏录屏/手机截图,#90B1CA #5D6D8F #213065 #040990 #040810,竖屏信息密度高，适合做素材而非整页版式；应裁切关键区域。,未直接套版；只借鉴“手机界面只露关键步骤”，用于S6、S10。
159,┤┤┐═25═╝╞¼/Screenshot_20251016_100839.jpg,逐图预览/C04_深蓝科技三步流/159_Screenshot_20251016_100839.jpg,2800,1260,横版,4,深蓝科技三步流,#7296BE #3F4F73 #182750 #040989 #060708,青蓝发光线、编号圆点、三步纵向/横向流程、少量绿色/青色功能胶囊。,S6一库、S7模型①、S8模型②、S10智用、S12智管：统一三步法。
160,┤┤┐═25═╝╞¼/Screenshot_20251016_101200.jpg,逐图预览/C07_竖屏实拍_录像界面/160_Screenshot_20251016_101200.jpg,1260,2800,竖版,7,竖屏实拍/录像界面,#6A6B88 #3A3E65 #202443 #0D0932 #00043B,更偏过程记录和实拍，不适合作为决赛主版式。,不直接使用；仅借鉴“关键操作截图+标注线”方法。
161,┤┤┐═25═╝╞¼/Screenshot_20251016_102336.jpg,逐图预览/C04_深蓝科技三步流/161_Screenshot_20251016_102336.jpg,1260,2800,竖版,4,深蓝科技三步流,#D4E0E2 #678A7A #202E45 #080B36 #00043B,青蓝发光线、编号圆点、三步纵向/横向流程、少量绿色/青色功能胶囊。,S6一库、S7模型①、S8模型②、S10智用、S12智管：统一三步法。
162,┤┤┐═25═╝╞¼/Screenshot_20251016_102338.jpg,逐图预览/C10_蓝青高质感组件页/162_Screenshot_20251016_102338.jpg,1260,2800,竖版,10,蓝青高质感组件页,#D9E6EE #97ACAB #232F48 #080B36 #00043B,蓝青渐变框、玻璃态卡片、发光描边、黄字小题签、白/青大标题。,S2三痛点直接复用原生组件；S4方案卡、S9转场框、S13成效卡统一风格。
163,┤┤┐═25═╝╞¼/Screenshot_20251016_102340.jpg,逐图预览/C10_蓝青高质感组件页/163_Screenshot_20251016_102340.jpg,1260,2800,竖版,10,蓝青高质感组件页,#D4E0E2 #678A7A #202E45 #080B36 #00043B,蓝青渐变框、玻璃态卡片、发光描边、黄字小题签、白/青大标题。,S2三痛点直接复用原生组件；S4方案卡、S9转场框、S13成效卡统一风格。
164,┤┤┐═25═╝╞¼/Screenshot_20251016_103216.jpg,逐图预览/C01_竖屏录屏_手机截图/164_Screenshot_20251016_103216.jpg,1260,2800,竖版,1,竖屏录屏/手机截图,#8B8687 #1E2842 #060E45 #01033E #04052C,竖屏信息密度高，适合做素材而非整页版式；应裁切关键区域。,未直接套版；只借鉴“手机界面只露关键步骤”，用于S6、S10。
165,┤┤┐═25═╝╞¼/Screenshot_20251016_103240.jpg,逐图预览/C06_蓝色证据页+大白卡/165_Screenshot_20251016_103240.jpg,1260,2800,竖版,6,蓝色证据页+大白卡,#315385 #111C55 #010871 #030640 #030330,一侧深蓝逻辑，一侧大面积白色后台/证书/公式；证据比装饰更重要。,S7模型①右侧管理后台、S12智管右侧工单/档案。
166,┤┤┐═25═╝╞¼/Screenshot_20251016_103302.jpg,逐图预览/C08_比赛舞台超简洁页/166_Screenshot_20251016_103302.jpg,1260,2800,竖版,8,比赛舞台超简洁页,#427BB5 #223A65 #131D52 #020758 #030330,标题大、图形少、核心词大；舞台远距识别优先。,S1封面、S2三痛点、S9视频、S15收口。
167,┤┤┐═25═╝╞¼/Screenshot_20251016_103340.jpg,逐图预览/C10_蓝青高质感组件页/167_Screenshot_20251016_103340.jpg,1260,2800,竖版,10,蓝青高质感组件页,#2F538C #132057 #010869 #03063E #03042F,蓝青渐变框、玻璃态卡片、发光描边、黄字小题签、白/青大标题。,S2三痛点直接复用原生组件；S4方案卡、S9转场框、S13成效卡统一风格。
168,┤┤┐═25═╝╞¼/Screenshot_20251016_103457.jpg,逐图预览/C04_深蓝科技三步流/168_Screenshot_20251016_103457.jpg,2800,1260,横版,4,深蓝科技三步流,#86AFD7 #1D3A8B #040C95 #000693 #03051B,青蓝发光线、编号圆点、三步纵向/横向流程、少量绿色/青色功能胶囊。,S6一库、S7模型①、S8模型②、S10智用、S12智管：统一三步法。
169,┤┤┐═25═╝╞¼/Screenshot_20251016_103528.jpg,逐图预览/C03_现场大屏单中心构图/169_Screenshot_20251016_103528.jpg,2800,1260,横版,3,现场大屏单中心构图,#5588BA #17307D #080C64 #00068E #000109,远距离可读：一页一个中心观点，大标题+一个主图/主流程，文字极少。,S3根因、S9视频转场、S15结尾：只留一句核心判断。
170,┤┤┐═25═╝╞¼/Screenshot_20251016_103617.jpg,逐图预览/C01_竖屏录屏_手机截图/170_Screenshot_20251016_103617.jpg,2800,1260,横版,1,竖屏录屏/手机截图,#49C5EF #407BC3 #1B3286 #02098D #020518,竖屏信息密度高，适合做素材而非整页版式；应裁切关键区域。,未直接套版；只借鉴“手机界面只露关键步骤”，用于S6、S10。
171,┤┤┐═25═╝╞¼/Screenshot_20251016_103647.jpg,逐图预览/C09_深蓝模块化流程_环形图/171_Screenshot_20251016_103647.jpg,2800,1260,横版,9,深蓝模块化流程/环形图,#C2C4AE #6C655C #272729 #111414 #020203,模块框、箭头、环形关系、亮青边框；复杂内容被压成模块。,S4“1234”、S5总体蓝图、S14创新双栏。
172,┤┤┐═25═╝╞¼/Screenshot_20251016_103707.jpg,逐图预览/C03_现场大屏单中心构图/172_Screenshot_20251016_103707.jpg,2800,1260,横版,3,现场大屏单中心构图,#B1B8BA #61625D #252020 #040407 #000102,远距离可读：一页一个中心观点，大标题+一个主图/主流程，文字极少。,S3根因、S9视频转场、S15结尾：只留一句核心判断。
173,┤┤┐═25═╝╞¼/Screenshot_20251016_103953.jpg,逐图预览/C10_蓝青高质感组件页/173_Screenshot_20251016_103953.jpg,2800,1260,横版,10,蓝青高质感组件页,#949CAA #676977 #544F65 #4B2827 #08080B,蓝青渐变框、玻璃态卡片、发光描边、黄字小题签、白/青大标题。,S2三痛点直接复用原生组件；S4方案卡、S9转场框、S13成效卡统一风格。
174,┤┤┐═25═╝╞¼/Screenshot_20251016_104018.jpg,逐图预览/C01_竖屏录屏_手机截图/174_Screenshot_20251016_104018.jpg,2800,1260,横版,1,竖屏录屏/手机截图,#93B8DA #5C74A4 #2D3379 #020792 #010214,竖屏信息密度高，适合做素材而非整页版式；应裁切关键区域。,未直接套版；只借鉴“手机界面只露关键步骤”，用于S6、S10。
175,┤┤┐═25═╝╞¼/Screenshot_20251016_104036.jpg,逐图预览/C06_蓝色证据页+大白卡/175_Screenshot_20251016_104036.jpg,2800,1260,横版,6,蓝色证据页+大白卡,#8BABCB #65668C #292D75 #020690 #010217,一侧深蓝逻辑，一侧大面积白色后台/证书/公式；证据比装饰更重要。,S7模型①右侧管理后台、S12智管右侧工单/档案。
176,┤┤┐═25═╝╞¼/Screenshot_20251016_104046.jpg,逐图预览/C05_数据驾驶舱_地图看板/176_Screenshot_20251016_104046.jpg,2800,1260,横版,5,数据驾驶舱/地图看板,#ADC6E0 #5C76B3 #2F347A #030791 #010216,整页或半页大屏数据图，强调地图、指标、趋势，外围不堆文字。,S8模型②右侧沙盘、S11智投四屏驾驶舱。
177,┤┤┐═25═╝╞¼/Screenshot_20251016_104054.jpg,逐图预览/C01_竖屏录屏_手机截图/177_Screenshot_20251016_104054.jpg,2800,1260,横版,1,竖屏录屏/手机截图,#91B6DB #4D588A #1C257D #010485 #010116,竖屏信息密度高，适合做素材而非整页版式；应裁切关键区域。,未直接套版；只借鉴“手机界面只露关键步骤”，用于S6、S10。
178,┤┤┐═25═╝╞¼/Screenshot_20251016_104115.jpg,逐图预览/C04_深蓝科技三步流/178_Screenshot_20251016_104115.jpg,2800,1260,横版,4,深蓝科技三步流,#6590CA #484971 #131E86 #010481 #010115,青蓝发光线、编号圆点、三步纵向/横向流程、少量绿色/青色功能胶囊。,S6一库、S7模型①、S8模型②、S10智用、S12智管：统一三步法。
179,┤┤┐═25═╝╞¼/Screenshot_20251016_104213.jpg,逐图预览/C08_比赛舞台超简洁页/179_Screenshot_20251016_104213.jpg,2800,1260,横版,8,比赛舞台超简洁页,#6B8FC9 #4D4466 #121D86 #010487 #010116,标题大、图形少、核心词大；舞台远距识别优先。,S1封面、S2三痛点、S9视频、S15收口。
180,┤┤┐═25═╝╞¼/Screenshot_20251016_104243.jpg,逐图预览/C02_蓝色舞台框+浅色证据卡/180_Screenshot_20251016_104243.jpg,2800,1260,横版,2,蓝色舞台框+浅色证据卡,#6EA2C1 #544E72 #0F1B8A #010382 #000115,深蓝背景中嵌一张高亮白/浅卡，视觉中心清晰，外围少量标签。,S7模型①、S12智管：后台截图集中为一个证据区，左侧保留三步法。
181,┤┤┐═25═╝╞¼/Screenshot_20251016_104250.jpg,逐图预览/C09_深蓝模块化流程_环形图/181_Screenshot_20251016_104250.jpg,2800,1260,横版,9,深蓝模块化流程/环形图,#6BA8C3 #516192 #1C2582 #010589 #010117,模块框、箭头、环形关系、亮青边框；复杂内容被压成模块。,S4“1234”、S5总体蓝图、S14创新双栏。
182,┤┤┐═25═╝╞¼/Screenshot_20251016_104259.jpg,逐图预览/C04_深蓝科技三步流/182_Screenshot_20251016_104259.jpg,2800,1260,横版,4,深蓝科技三步流,#6B8FC4 #474266 #0C1889 #010380 #000116,青蓝发光线、编号圆点、三步纵向/横向流程、少量绿色/青色功能胶囊。,S6一库、S7模型①、S8模型②、S10智用、S12智管：统一三步法。
183,┤┤┐═25═╝╞¼/Screenshot_20251016_104303.jpg,逐图预览/C01_竖屏录屏_手机截图/183_Screenshot_20251016_104303.jpg,2800,1260,横版,1,竖屏录屏/手机截图,#E0EEF9 #6185C1 #31367A #030893 #020213,竖屏信息密度高，适合做素材而非整页版式；应裁切关键区域。,未直接套版；只借鉴“手机界面只露关键步骤”，用于S6、S10。
184,┤┤┐═25═╝╞¼/Screenshot_20251016_104317.jpg,逐图预览/C08_比赛舞台超简洁页/184_Screenshot_20251016_104317.jpg,2800,1260,横版,8,比赛舞台超简洁页,#6797C5 #435182 #182484 #010585 #010115,标题大、图形少、核心词大；舞台远距识别优先。,S1封面、S2三痛点、S9视频、S15收口。
185,┤┤┐═25═╝╞¼/Screenshot_20251016_104321.jpg,逐图预览/C09_深蓝模块化流程_环形图/185_Screenshot_20251016_104321.jpg,2800,1260,横版,9,深蓝模块化流程/环形图,#6997D1 #355EC0 #283076 #030892 #020215,模块框、箭头、环形关系、亮青边框；复杂内容被压成模块。,S4“1234”、S5总体蓝图、S14创新双栏。
186,┤┤┐═25═╝╞¼/Screenshot_20251016_104350.jpg,逐图预览/C08_比赛舞台超简洁页/186_Screenshot_20251016_104350.jpg,2800,1260,横版,8,比赛舞台超简洁页,#D1E1EF #5E80BE #363A7A #040997 #020215,标题大、图形少、核心词大；舞台远距识别优先。,S1封面、S2三痛点、S9视频、S15收口。
187,┤┤┐═25═╝╞¼/Screenshot_20251016_104411.jpg,逐图预览/C09_深蓝模块化流程_环形图/187_Screenshot_20251016_104411.jpg,2800,1260,横版,9,深蓝模块化流程/环形图,#6890C2 #414A6F #16296B #040983 #02030B,模块框、箭头、环形关系、亮青边框；复杂内容被压成模块。,S4“1234”、S5总体蓝图、S14创新双栏。
188,┤┤┐═25═╝╞¼/Screenshot_20251016_104432.jpg,逐图预览/C10_蓝青高质感组件页/188_Screenshot_20251016_104432.jpg,2800,1260,横版,10,蓝青高质感组件页,#678EC4 #3E476E #132769 #040A87 #010512,蓝青渐变框、玻璃态卡片、发光描边、黄字小题签、白/青大标题。,S2三痛点直接复用原生组件；S4方案卡、S9转场框、S13成效卡统一风格。
189,┤┤┐═25═╝╞¼/Screenshot_20251016_104444.jpg,逐图预览/C03_现场大屏单中心构图/189_Screenshot_20251016_104444.jpg,2800,1260,横版,3,现场大屏单中心构图,#EFF6FF #EFF4FB #EBF3FD #BCC5CF #0A0A0B,远距离可读：一页一个中心观点，大标题+一个主图/主流程，文字极少。,S3根因、S9视频转场、S15结尾：只留一句核心判断。
190,┤┤┐═25═╝╞¼/Screenshot_20251016_104445.jpg,逐图预览/C08_比赛舞台超简洁页/190_Screenshot_20251016_104445.jpg,2800,1260,横版,8,比赛舞台超简洁页,#F2F8FF #EEF4FD #E5F0FC #B4C7DB #111215,标题大、图形少、核心词大；舞台远距识别优先。,S1封面、S2三痛点、S9视频、S15收口。
191,┤┤┐═25═╝╞¼/Screenshot_20251016_104532.jpg,逐图预览/C07_竖屏实拍_录像界面/191_Screenshot_20251016_104532.jpg,2800,1260,横版,7,竖屏实拍/录像界面,#F3F9FF #EBF2FC #DFEDFB #94ADCD #080A0E,更偏过程记录和实拍，不适合作为决赛主版式。,不直接使用；仅借鉴“关键操作截图+标注线”方法。
192,┤┤┐═25═╝╞¼/Screenshot_20251016_104553.jpg,逐图预览/C01_竖屏录屏_手机截图/192_Screenshot_20251016_104553.jpg,2800,1260,横版,1,竖屏录屏/手机截图,#6994CB #404D84 #192484 #010486 #010115,竖屏信息密度高，适合做素材而非整页版式；应裁切关键区域。,未直接套版；只借鉴“手机界面只露关键步骤”，用于S6、S10。
193,┤┤┐═25═╝╞¼/Screenshot_20251016_104614.jpg,逐图预览/C01_竖屏录屏_手机截图/193_Screenshot_20251016_104614.jpg,2800,1260,横版,1,竖屏录屏/手机截图,#9EC0E1 #4D63A2 #222C7E #020791 #010218,竖屏信息密度高，适合做素材而非整页版式；应裁切关键区域。,未直接套版；只借鉴“手机界面只露关键步骤”，用于S6、S10。
194,┤┤┐═25═╝╞¼/Screenshot_20251016_104617.jpg,逐图预览/C03_现场大屏单中心构图/194_Screenshot_20251016_104617.jpg,2800,1260,横版,3,现场大屏单中心构图,#B7CFE6 #5174B9 #2A337A #020894 #010218,远距离可读：一页一个中心观点，大标题+一个主图/主流程，文字极少。,S3根因、S9视频转场、S15结尾：只留一句核心判断。
195,┤┤┐═25═╝╞¼/Screenshot_20251016_104637.jpg,逐图预览/C07_竖屏实拍_录像界面/195_Screenshot_20251016_104637.jpg,2800,1260,横版,7,竖屏实拍/录像界面,#6B9FCE #435591 #1C2780 #020588 #010114,更偏过程记录和实拍，不适合作为决赛主版式。,不直接使用；仅借鉴“关键操作截图+标注线”方法。
196,┤┤┐═25═╝╞¼/Screenshot_20251016_104703.jpg,逐图预览/C05_数据驾驶舱_地图看板/196_Screenshot_20251016_104703.jpg,2800,1260,横版,5,数据驾驶舱/地图看板,#719ACD #3954A0 #202F7E #030894 #010217,整页或半页大屏数据图，强调地图、指标、趋势，外围不堆文字。,S8模型②右侧沙盘、S11智投四屏驾驶舱。
197,┤┤┐═25═╝╞¼/Screenshot_20251016_104722.jpg,逐图预览/C03_现场大屏单中心构图/197_Screenshot_20251016_104722.jpg,2800,1260,横版,3,现场大屏单中心构图,#9CCEE0 #778294 #5E5C6A #502A29 #07080B,远距离可读：一页一个中心观点，大标题+一个主图/主流程，文字极少。,S3根因、S9视频转场、S15结尾：只留一句核心判断。
198,┤┤┐═25═╝╞¼/Screenshot_20251016_104819.jpg,逐图预览/C04_深蓝科技三步流/198_Screenshot_20251016_104819.jpg,2800,1260,横版,4,深蓝科技三步流,#CDBD7C #75583B #3C3434 #20262D #04070A,青蓝发光线、编号圆点、三步纵向/横向流程、少量绿色/青色功能胶囊。,S6一库、S7模型①、S8模型②、S10智用、S12智管：统一三步法。
199,┤┤┐═25═╝╞¼/Screenshot_20251016_104837.jpg,逐图预览/C09_深蓝模块化流程_环形图/199_Screenshot_20251016_104837.jpg,2800,1260,横版,9,深蓝模块化流程/环形图,#99C9EF #458BD7 #1551AD #061D5C #000110,模块框、箭头、环形关系、亮青边框；复杂内容被压成模块。,S4“1234”、S5总体蓝图、S14创新双栏。
200,┤┤┐═25═╝╞¼/Screenshot_20251016_104854.jpg,逐图预览/C09_深蓝模块化流程_环形图/200_Screenshot_20251016_104854.jpg,2800,1260,横版,9,深蓝模块化流程/环形图,#7C899E #58526A #662721 #30262F #070816,模块框、箭头、环形关系、亮青边框；复杂内容被压成模块。,S4“1234”、S5总体蓝图、S14创新双栏。
201,┤┤┐═25═╝╞¼/Screenshot_20251016_104936.jpg,逐图预览/C09_深蓝模块化流程_环形图/201_Screenshot_20251016_104936.jpg,2800,1260,横版,9,深蓝模块化流程/环形图,#869FB6 #616C8B #545279 #4C2729 #070914,模块框、箭头、环形关系、亮青边框；复杂内容被压成模块。,S4“1234”、S5总体蓝图、S14创新双栏。
202,┤┤┐═25═╝╞¼/Screenshot_20251016_105025.jpg,逐图预览/C09_深蓝模块化流程_环形图/202_Screenshot_20251016_105025.jpg,2800,1260,横版,9,深蓝模块化流程/环形图,#6E9ED3 #4B518C #18228F #010393 #010119,模块框、箭头、环形关系、亮青边框；复杂内容被压成模块。,S4“1234”、S5总体蓝图、S14创新双栏。
203,┤┤┐═25═╝╞¼/Screenshot_20251016_105051.jpg,逐图预览/C04_深蓝科技三步流/203_Screenshot_20251016_105051.jpg,2800,1260,横版,4,深蓝科技三步流,#8D9093 #65626A #534967 #45242E #06081A,青蓝发光线、编号圆点、三步纵向/横向流程、少量绿色/青色功能胶囊。,S6一库、S7模型①、S8模型②、S10智用、S12智管：统一三步法。
204,┤┤┐═25═╝╞¼/Screenshot_20251016_105104.jpg,逐图预览/C04_深蓝科技三步流/204_Screenshot_20251016_105104.jpg,2800,1260,横版,4,深蓝科技三步流,#89A6C5 #637399 #565678 #4D2827 #070915,青蓝发光线、编号圆点、三步纵向/横向流程、少量绿色/青色功能胶囊。,S6一库、S7模型①、S8模型②、S10智用、S12智管：统一三步法。
205,┤┤┐═25═╝╞¼/Screenshot_20251016_105134.jpg,逐图预览/C00_轻色产品界面+实机_手机实景/205_Screenshot_20251016_105134.jpg,2800,1260,横版,0,轻色产品界面+实机/手机实景,#6694CD #484B82 #141B8C #01028A #00011A,白/浅色产品UI作为证据主体，配手机或实景外壳；不做大面积装饰。,S6一库见底、S10智用：真实小程序/报修界面放进深蓝母版；只把UI当证据，不改变母版。
206,┤┤┐═25═╝╞¼/Screenshot_20251016_105146.jpg,逐图预览/C07_竖屏实拍_录像界面/206_Screenshot_20251016_105146.jpg,2800,1260,横版,7,竖屏实拍/录像界面,#6797CF #475391 #1D248C #020497 #010119,更偏过程记录和实拍，不适合作为决赛主版式。,不直接使用；仅借鉴“关键操作截图+标注线”方法。
207,┤┤┐═25═╝╞¼/Screenshot_20251016_105205.jpg,逐图预览/C09_深蓝模块化流程_环形图/207_Screenshot_20251016_105205.jpg,2800,1260,横版,9,深蓝模块化流程/环形图,#6195CF #375BB7 #223394 #030CAC #030420,模块框、箭头、环形关系、亮青边框；复杂内容被压成模块。,S4“1234”、S5总体蓝图、S14创新双栏。
208,┤┤┐═25═╝╞¼/Screenshot_20251016_105220.jpg,逐图预览/C03_现场大屏单中心构图/208_Screenshot_20251016_105220.jpg,2800,1260,横版,3,现场大屏单中心构图,#8D9AAB #65687B #524E76 #482529 #070918,远距离可读：一页一个中心观点，大标题+一个主图/主流程，文字极少。,S3根因、S9视频转场、S15结尾：只留一句核心判断。
209,┤┤┐═25═╝╞¼/Screenshot_20251016_105246.jpg,逐图预览/C01_竖屏录屏_手机截图/209_Screenshot_20251016_105246.jpg,2800,1260,横版,1,竖屏录屏/手机截图,#7DBFDE #6A7A9E #585873 #4D2828 #070912,竖屏信息密度高，适合做素材而非整页版式；应裁切关键区域。,未直接套版；只借鉴“手机界面只露关键步骤”，用于S6、S10。
210,┤┤┐═25═╝╞¼/Screenshot_20251016_105253.jpg,逐图预览/C01_竖屏录屏_手机截图/210_Screenshot_20251016_105253.jpg,2800,1260,横版,1,竖屏录屏/手机截图,#8DAACB #667393 #575470 #4B2627 #070914,竖屏信息密度高，适合做素材而非整页版式；应裁切关键区域。,未直接套版；只借鉴“手机界面只露关键步骤”，用于S6、S10。
211,┤┤┐═25═╝╞¼/Screenshot_20251016_105309.jpg,逐图预览/C01_竖屏录屏_手机截图/211_Screenshot_20251016_105309.jpg,2800,1260,横版,1,竖屏录屏/手机截图,#6196D3 #3C509E #1A288F #02089C #02041E,竖屏信息密度高，适合做素材而非整页版式；应裁切关键区域。,未直接套版；只借鉴“手机界面只露关键步骤”，用于S6、S10。
212,┤┤┐═25═╝╞¼/Screenshot_20251016_105319.jpg,逐图预览/C04_深蓝科技三步流/212_Screenshot_20251016_105319.jpg,2800,1260,横版,4,深蓝科技三步流,#5E96D4 #3A52A2 #1C2A8F #02089C #02041D,青蓝发光线、编号圆点、三步纵向/横向流程、少量绿色/青色功能胶囊。,S6一库、S7模型①、S8模型②、S10智用、S12智管：统一三步法。
213,┤┤┐═25═╝╞¼/Screenshot_20251016_105330.jpg,逐图预览/C04_深蓝科技三步流/213_Screenshot_20251016_105330.jpg,2800,1260,横版,4,深蓝科技三步流,#6591CD #47477B #121B8D #020289 #02021D,青蓝发光线、编号圆点、三步纵向/横向流程、少量绿色/青色功能胶囊。,S6一库、S7模型①、S8模型②、S10智用、S12智管：统一三步法。
214,┤┤┐═25═╝╞¼/Screenshot_20251016_105337.jpg,逐图预览/C04_深蓝科技三步流/214_Screenshot_20251016_105337.jpg,2800,1260,横版,4,深蓝科技三步流,#2F65CD #112EAE #070E76 #010274 #01011A,青蓝发光线、编号圆点、三步纵向/横向流程、少量绿色/青色功能胶囊。,S6一库、S7模型①、S8模型②、S10智用、S12智管：统一三步法。
215,┤┤┐═25═╝╞¼/Screenshot_20251016_105349.jpg,逐图预览/C10_蓝青高质感组件页/215_Screenshot_20251016_105349.jpg,2800,1260,横版,10,蓝青高质感组件页,#879AB2 #64687C #564D68 #48252C #060817,蓝青渐变框、玻璃态卡片、发光描边、黄字小题签、白/青大标题。,S2三痛点直接复用原生组件；S4方案卡、S9转场框、S13成效卡统一风格。
216,┤┤┐═25═╝╞¼/Screenshot_20251016_105402.jpg,逐图预览/C06_蓝色证据页+大白卡/216_Screenshot_20251016_105402.jpg,2800,1260,横版,6,蓝色证据页+大白卡,#8E9494 #696667 #595154 #4E2924 #070707,一侧深蓝逻辑，一侧大面积白色后台/证书/公式；证据比装饰更重要。,S7模型①右侧管理后台、S12智管右侧工单/档案。
217,┤┤┐═25═╝╞¼/Screenshot_20251016_105403.jpg,逐图预览/C01_竖屏录屏_手机截图/217_Screenshot_20251016_105403.jpg,2800,1260,横版,1,竖屏录屏/手机截图,#386175 #29333A #1B1E21 #121315 #030303,竖屏信息密度高，适合做素材而非整页版式；应裁切关键区域。,未直接套版；只借鉴“手机界面只露关键步骤”，用于S6、S10。
218,┤┤┐═25═╝╞¼/Screenshot_20251016_105439.jpg,逐图预览/C02_蓝色舞台框+浅色证据卡/218_Screenshot_20251016_105439.jpg,2800,1260,横版,2,蓝色舞台框+浅色证据卡,#556C50 #333F49 #1D2229 #111215 #020203,深蓝背景中嵌一张高亮白/浅卡，视觉中心清晰，外围少量标签。,S7模型①、S12智管：后台截图集中为一个证据区，左侧保留三步法。
219,┤┤┐═25═╝╞¼/Screenshot_20251016_105458.jpg,逐图预览/C07_竖屏实拍_录像界面/219_Screenshot_20251016_105458.jpg,2800,1260,横版,7,竖屏实拍/录像界面,#49879F #365B73 #1D364A #1B1A1C #03070A,更偏过程记录和实拍，不适合作为决赛主版式。,不直接使用；仅借鉴“关键操作截图+标注线”方法。
220,┤┤┐═25═╝╞¼/Screenshot_20251016_105508.jpg,逐图预览/C09_深蓝模块化流程_环形图/220_Screenshot_20251016_105508.jpg,2800,1260,横版,9,深蓝模块化流程/环形图,#4D555C #343942 #20252C #141719 #040404,模块框、箭头、环形关系、亮青边框；复杂内容被压成模块。,S4“1234”、S5总体蓝图、S14创新双栏。
221,┤┤┐═25═╝╞¼/Screenshot_20251016_105513.jpg,逐图预览/C10_蓝青高质感组件页/221_Screenshot_20251016_105513.jpg,2800,1260,横版,10,蓝青高质感组件页,#6A89BD #4B434E #26294A #080A7C #060606,蓝青渐变框、玻璃态卡片、发光描边、黄字小题签、白/青大标题。,S2三痛点直接复用原生组件；S4方案卡、S9转场框、S13成效卡统一风格。
222,┤┤┐═25═╝╞¼/Screenshot_20251016_105520.jpg,逐图预览/C10_蓝青高质感组件页/222_Screenshot_20251016_105520.jpg,2800,1260,横版,10,蓝青高质感组件页,#6B8AB9 #4F4753 #262A48 #080A82 #060707,蓝青渐变框、玻璃态卡片、发光描边、黄字小题签、白/青大标题。,S2三痛点直接复用原生组件；S4方案卡、S9转场框、S13成效卡统一风格。
223,┤┤┐═25═╝╞¼/Screenshot_20251016_105546.jpg,逐图预览/C01_竖屏录屏_手机截图/223_Screenshot_20251016_105546.jpg,2800,1260,横版,1,竖屏录屏/手机截图,#82A7CB #647190 #54547A #4D2727 #070913,竖屏信息密度高，适合做素材而非整页版式；应裁切关键区域。,未直接套版；只借鉴“手机界面只露关键步骤”，用于S6、S10。
224,┤┤┐═25═╝╞¼/Screenshot_20251016_105612.jpg,逐图预览/C06_蓝色证据页+大白卡/224_Screenshot_20251016_105612.jpg,2800,1260,横版,6,蓝色证据页+大白卡,#86A4B6 #676C7E #564F66 #48262B #070917,一侧深蓝逻辑，一侧大面积白色后台/证书/公式；证据比装饰更重要。,S7模型①右侧管理后台、S12智管右侧工单/档案。
225,┤┤┐═25═╝╞¼/Screenshot_20251016_105626.jpg,逐图预览/C04_深蓝科技三步流/225_Screenshot_20251016_105626.jpg,2800,1260,横版,4,深蓝科技三步流,#628ECB #3F4884 #122193 #010595 #01021E,青蓝发光线、编号圆点、三步纵向/横向流程、少量绿色/青色功能胶囊。,S6一库、S7模型①、S8模型②、S10智用、S12智管：统一三步法。
226,┤┤┐═25═╝╞¼/Screenshot_20251016_105713.jpg,逐图预览/C09_深蓝模块化流程_环形图/226_Screenshot_20251016_105713.jpg,2800,1260,横版,9,深蓝模块化流程/环形图,#6B9DC7 #4863A5 #112279 #01067C #010210,模块框、箭头、环形关系、亮青边框；复杂内容被压成模块。,S4“1234”、S5总体蓝图、S14创新双栏。
227,┤┤┐═25═╝╞¼/Screenshot_20251016_105753.jpg,逐图预览/C06_蓝色证据页+大白卡/227_Screenshot_20251016_105753.jpg,2800,1260,横版,6,蓝色证据页+大白卡,#92A1AE #6B6C6F #564F5C #4B2829 #08090D,一侧深蓝逻辑，一侧大面积白色后台/证书/公式；证据比装饰更重要。,S7模型①右侧管理后台、S12智管右侧工单/档案。
228,┤┤┐═25═╝╞¼/Screenshot_20251016_105817.jpg,逐图预览/C05_数据驾驶舱_地图看板/228_Screenshot_20251016_105817.jpg,2800,1260,横版,5,数据驾驶舱/地图看板,#8497A8 #656872 #544E5F #4A2728 #07070B,整页或半页大屏数据图，强调地图、指标、趋势，外围不堆文字。,S8模型②右侧沙盘、S11智投四屏驾驶舱。
229,┤┤┐═25═╝╞¼/Screenshot_20251016_105826.jpg,逐图预览/C09_深蓝模块化流程_环形图/229_Screenshot_20251016_105826.jpg,2800,1260,横版,9,深蓝模块化流程/环形图,#4A78B6 #102379 #03085D #000474 #000000,模块框、箭头、环形关系、亮青边框；复杂内容被压成模块。,S4“1234”、S5总体蓝图、S14创新双栏。
230,┤┤┐═25═╝╞¼/Screenshot_20251016_105841.jpg,逐图预览/C03_现场大屏单中心构图/230_Screenshot_20251016_105841.jpg,2800,1260,横版,3,现场大屏单中心构图,#6196CB #2D5AA4 #14247B #01067D #010312,远距离可读：一页一个中心观点，大标题+一个主图/主流程，文字极少。,S3根因、S9视频转场、S15结尾：只留一句核心判断。
231,┤┤┐═25═╝╞¼/Screenshot_20251016_105919.jpg,逐图预览/C01_竖屏录屏_手机截图/231_Screenshot_20251016_105919.jpg,2800,1260,横版,1,竖屏录屏/手机截图,#6798CB #2F539B #0E2277 #01067F #010312,竖屏信息密度高，适合做素材而非整页版式；应裁切关键区域。,未直接套版；只借鉴“手机界面只露关键步骤”，用于S6、S10。
232,┤┤┐═25═╝╞¼/Screenshot_20251016_105950.jpg,逐图预览/C06_蓝色证据页+大白卡/232_Screenshot_20251016_105950.jpg,2800,1260,横版,6,蓝色证据页+大白卡,#2D8DCE #0D498D #062565 #010D50 #01030E,一侧深蓝逻辑，一侧大面积白色后台/证书/公式；证据比装饰更重要。,S7模型①右侧管理后台、S12智管右侧工单/档案。
233,┤┤┐═25═╝╞¼/Screenshot_20251016_110004.jpg,逐图预览/C09_深蓝模块化流程_环形图/233_Screenshot_20251016_110004.jpg,2800,1260,横版,9,深蓝模块化流程/环形图,#80A0B3 #666D7C #555161 #4B2826 #07080D,模块框、箭头、环形关系、亮青边框；复杂内容被压成模块。,S4“1234”、S5总体蓝图、S14创新双栏。
234,┤┤┐═25═╝╞¼/Screenshot_20251016_110039.jpg,逐图预览/C09_深蓝模块化流程_环形图/234_Screenshot_20251016_110039.jpg,2800,1260,横版,9,深蓝模块化流程/环形图,#608FC5 #33498D #0B1D71 #01067E #010312,模块框、箭头、环形关系、亮青边框；复杂内容被压成模块。,S4“1234”、S5总体蓝图、S14创新双栏。
235,┤┤┐═25═╝╞¼/Screenshot_20251016_110120.jpg,逐图预览/C08_比赛舞台超简洁页/235_Screenshot_20251016_110120.jpg,2800,1260,横版,8,比赛舞台超简洁页,#5D97CA #395191 #0C1C71 #01067B #010212,标题大、图形少、核心词大；舞台远距识别优先。,S1封面、S2三痛点、S9视频、S15收口。
236,┤┤┐═25═╝╞¼/Screenshot_20251016_110133.jpg,逐图预览/C00_轻色产品界面+实机_手机实景/236_Screenshot_20251016_110133.jpg,2800,1260,横版,0,轻色产品界面+实机/手机实景,#6197CA #365090 #0C1F70 #01067E #010311,白/浅色产品UI作为证据主体，配手机或实景外壳；不做大面积装饰。,S6一库见底、S10智用：真实小程序/报修界面放进深蓝母版；只把UI当证据，不改变母版。
237,┤┤┐═25═╝╞¼/Screenshot_20251016_110154.jpg,逐图预览/C06_蓝色证据页+大白卡/237_Screenshot_20251016_110154.jpg,2800,1260,横版,6,蓝色证据页+大白卡,#4A78B3 #0D1F73 #0103A0 #010A56 #010312,一侧深蓝逻辑，一侧大面积白色后台/证书/公式；证据比装饰更重要。,S7模型①右侧管理后台、S12智管右侧工单/档案。
238,┤┤┐═25═╝╞¼/Screenshot_20251016_110212.jpg,逐图预览/C03_现场大屏单中心构图/238_Screenshot_20251016_110212.jpg,2800,1260,横版,3,现场大屏单中心构图,#5F97CE #335195 #0C1C71 #01067B #010210,远距离可读：一页一个中心观点，大标题+一个主图/主流程，文字极少。,S3根因、S9视频转场、S15结尾：只留一句核心判断。
239,┤┤┐═25═╝╞¼/Screenshot_20251016_110243.jpg,逐图预览/C01_竖屏录屏_手机截图/239_Screenshot_20251016_110243.jpg,2800,1260,横版,1,竖屏录屏/手机截图,#6B9FCE #3C589D #0E2173 #010780 #010313,竖屏信息密度高，适合做素材而非整页版式；应裁切关键区域。,未直接套版；只借鉴“手机界面只露关键步骤”，用于S6、S10。
240,┤┤┐═25═╝╞¼/Screenshot_20251016_110317.jpg,逐图预览/C06_蓝色证据页+大白卡/240_Screenshot_20251016_110317.jpg,2800,1260,横版,6,蓝色证据页+大白卡,#779ABD #324A8C #0D1263 #000482 #000000,一侧深蓝逻辑，一侧大面积白色后台/证书/公式；证据比装饰更重要。,S7模型①右侧管理后台、S12智管右侧工单/档案。
241,┤┤┐═25═╝╞¼/Screenshot_20251016_110328.jpg,逐图预览/C03_现场大屏单中心构图/241_Screenshot_20251016_110328.jpg,2800,1260,横版,3,现场大屏单中心构图,#EFF5F9 #91AFCB #4D699D #13196B #00023E,远距离可读：一页一个中心观点，大标题+一个主图/主流程，文字极少。,S3根因、S9视频转场、S15结尾：只留一句核心判断。
242,┤┤┐═25═╝╞¼/Screenshot_20251016_110354.jpg,逐图预览/C01_竖屏录屏_手机截图/242_Screenshot_20251016_110354.jpg,2800,1260,横版,1,竖屏录屏/手机截图,#65A4DA #3A59A6 #0F2582 #010887 #010416,竖屏信息密度高，适合做素材而非整页版式；应裁切关键区域。,未直接套版；只借鉴“手机界面只露关键步骤”，用于S6、S10。
243,┤┤┐═25═╝╞¼/Screenshot_20251016_110450.jpg,逐图预览/C09_深蓝模块化流程_环形图/243_Screenshot_20251016_110450.jpg,2800,1260,横版,9,深蓝模块化流程/环形图,#64A5D8 #3E589C #0D1F72 #01067D #010311,模块框、箭头、环形关系、亮青边框；复杂内容被压成模块。,S4“1234”、S5总体蓝图、S14创新双栏。
244,┤┤┐═25═╝╞¼/Screenshot_20251016_110725.jpg,逐图预览/C08_比赛舞台超简洁页/244_Screenshot_20251016_110725.jpg,2800,1260,横版,8,比赛舞台超简洁页,#F9FCFD #AAB1BF #6E6B76 #582F30 #09090C,标题大、图形少、核心词大；舞台远距识别优先。,S1封面、S2三痛点、S9视频、S15收口。
245,┤┤┐═25═╝╞¼/Screenshot_20251016_110750.jpg,逐图预览/C04_深蓝科技三步流/245_Screenshot_20251016_110750.jpg,2800,1260,横版,4,深蓝科技三步流,#BED6F9 #647EB4 #171A79 #001091 #000031,青蓝发光线、编号圆点、三步纵向/横向流程、少量绿色/青色功能胶囊。,S6一库、S7模型①、S8模型②、S10智用、S12智管：统一三步法。
246,┤┤┐═25═╝╞¼/Screenshot_20251016_110839.jpg,逐图预览/C10_蓝青高质感组件页/246_Screenshot_20251016_110839.jpg,2800,1260,横版,10,蓝青高质感组件页,#CFE5F8 #6881AE #2A2768 #030976 #000454,蓝青渐变框、玻璃态卡片、发光描边、黄字小题签、白/青大标题。,S2三痛点直接复用原生组件；S4方案卡、S9转场框、S13成效卡统一风格。
247,┤┤┐═25═╝╞¼/Screenshot_20251016_110847.jpg,逐图预览/C01_竖屏录屏_手机截图/247_Screenshot_20251016_110847.jpg,2800,1260,横版,1,竖屏录屏/手机截图,#BCDCF2 #697DA5 #292666 #030878 #000452,竖屏信息密度高，适合做素材而非整页版式；应裁切关键区域。,未直接套版；只借鉴“手机界面只露关键步骤”，用于S6、S10。
248,┤┤┐═25═╝╞¼/Screenshot_20251016_111625.jpg,逐图预览/C03_现场大屏单中心构图/248_Screenshot_20251016_111625.jpg,2800,1260,横版,3,现场大屏单中心构图,#223655 #040609 #020001 #000001 #000000,远距离可读：一页一个中心观点，大标题+一个主图/主流程，文字极少。,S3根因、S9视频转场、S15结尾：只留一句核心判断。
249,┤┤┐═25═╝╞¼/Screenshot_20251016_111628.jpg,逐图预览/C01_竖屏录屏_手机截图/249_Screenshot_20251016_111628.jpg,2800,1260,横版,1,竖屏录屏/手机截图,#1F3660 #050A16 #020001 #000001 #000000,竖屏信息密度高，适合做素材而非整页版式；应裁切关键区域。,未直接套版；只借鉴“手机界面只露关键步骤”，用于S6、S10。
250,┤┤┐═25═╝╞¼/Screenshot_20251016_111640.jpg,逐图预览/C10_蓝青高质感组件页/250_Screenshot_20251016_111640.jpg,2800,1260,横版,10,蓝青高质感组件页,#837872 #3D2823 #050202 #000102 #000000,蓝青渐变框、玻璃态卡片、发光描边、黄字小题签、白/青大标题。,S2三痛点直接复用原生组件；S4方案卡、S9转场框、S13成效卡统一风格。
251,┤┤┐═25═╝╞¼/Screenshot_20251016_111642.jpg,逐图预览/C07_竖屏实拍_录像界面/251_Screenshot_20251016_111642.jpg,2800,1260,横版,7,竖屏实拍/录像界面,#1D2C37 #03050A #010002 #000002 #000000,更偏过程记录和实拍，不适合作为决赛主版式。,不直接使用；仅借鉴“关键操作截图+标注线”方法。
252,┤┤┐═25═╝╞¼/Screenshot_20251016_111828.jpg,逐图预览/C10_蓝青高质感组件页/252_Screenshot_20251016_111828.jpg,2800,1260,横版,10,蓝青高质感组件页,#67B2E3 #455CAD #0B2193 #020477 #000001,蓝青渐变框、玻璃态卡片、发光描边、黄字小题签、白/青大标题。,S2三痛点直接复用原生组件；S4方案卡、S9转场框、S13成效卡统一风格。
253,┤┤┐═25═╝╞¼/Screenshot_20251016_111832.jpg,逐图预览/C10_蓝青高质感组件页/253_Screenshot_20251016_111832.jpg,2800,1260,横版,10,蓝青高质感组件页,#6A92C6 #112386 #030456 #00015C #000000,蓝青渐变框、玻璃态卡片、发光描边、黄字小题签、白/青大标题。,S2三痛点直接复用原生组件；S4方案卡、S9转场框、S13成效卡统一风格。
254,┤┤┐═25═╝╞¼/Screenshot_20251016_111850.jpg,逐图预览/C00_轻色产品界面+实机_手机实景/254_Screenshot_20251016_111850.jpg,2800,1260,横版,0,轻色产品界面+实机/手机实景,#6087BF #0E1B7B #01018D #010117 #000000,白/浅色产品UI作为证据主体，配手机或实景外壳；不做大面积装饰。,S6一库见底、S10智用：真实小程序/报修界面放进深蓝母版；只把UI当证据，不改变母版。
255,┤┤┐═25═╝╞¼/Screenshot_20251016_111858.jpg,逐图预览/C10_蓝青高质感组件页/255_Screenshot_20251016_111858.jpg,2800,1260,横版,10,蓝青高质感组件页,#A5C6E3 #283A91 #0103A1 #020436 #000001,蓝青渐变框、玻璃态卡片、发光描边、黄字小题签、白/青大标题。,S2三痛点直接复用原生组件；S4方案卡、S9转场框、S13成效卡统一风格。
256,┤┤┐═25═╝╞¼/Screenshot_20251016_111912.jpg,逐图预览/C09_深蓝模块化流程_环形图/256_Screenshot_20251016_111912.jpg,2800,1260,横版,9,深蓝模块化流程/环形图,#71A7D7 #3D589E #101F6A #010369 #000001,模块框、箭头、环形关系、亮青边框；复杂内容被压成模块。,S4“1234”、S5总体蓝图、S14创新双栏。
257,┤┤┐═25═╝╞¼/Screenshot_20251016_111940.jpg,逐图预览/C04_深蓝科技三步流/257_Screenshot_20251016_111940.jpg,2800,1260,横版,4,深蓝科技三步流,#6E9FCF #39519C #0D1B82 #01026C #000001,青蓝发光线、编号圆点、三步纵向/横向流程、少量绿色/青色功能胶囊。,S6一库、S7模型①、S8模型②、S10智用、S12智管：统一三步法。
258,┤┤┐═25═╝╞¼/Screenshot_20251016_111948.jpg,逐图预览/C11_办公屏幕_Excel实拍/258_Screenshot_20251016_111948.jpg,2800,1260,横版,11,办公屏幕/Excel实拍,#8EA7CA #162684 #01029F #010341 #000000,信息真实但视觉噪声大，适合备份证据，不适合主舞台。,不用于主PPT；只保留后台真实截图作为可信度证据。
259,┤┤┐═25═╝╞¼/Screenshot_20251016_111958.jpg,逐图预览/C05_数据驾驶舱_地图看板/259_Screenshot_20251016_111958.jpg,2800,1260,横版,5,数据驾驶舱/地图看板,#CADEEE #5C79B6 #182986 #010375 #000001,整页或半页大屏数据图，强调地图、指标、趋势，外围不堆文字。,S8模型②右侧沙盘、S11智投四屏驾驶舱。
260,┤┤┐═25═╝╞¼/Screenshot_20251016_112016.jpg,逐图预览/C03_现场大屏单中心构图/260_Screenshot_20251016_112016.jpg,2800,1260,横版,3,现场大屏单中心构图,#5173B0 #101E6B #0102A0 #030545 #000001,远距离可读：一页一个中心观点，大标题+一个主图/主流程，文字极少。,S3根因、S9视频转场、S15结尾：只留一句核心判断。
261,┤┤┐═25═╝╞¼/Screenshot_20251016_112019.jpg,逐图预览/C08_比赛舞台超简洁页/261_Screenshot_20251016_112019.jpg,2800,1260,横版,8,比赛舞台超简洁页,#A2B7D6 #192986 #01029F #020441 #000000,标题大、图形少、核心词大；舞台远距识别优先。,S1封面、S2三痛点、S9视频、S15收口。
262,┤┤┐═25═╝╞¼/Screenshot_20251016_112035.jpg,逐图预览/C01_竖屏录屏_手机截图/262_Screenshot_20251016_112035.jpg,2800,1260,横版,1,竖屏录屏/手机截图,#5172AC #0A166A #010190 #010211 #000000,竖屏信息密度高，适合做素材而非整页版式；应裁切关键区域。,未直接套版；只借鉴“手机界面只露关键步骤”，用于S6、S10。
263,┤┤┐═25═╝╞¼/Screenshot_20251016_112122.jpg,逐图预览/C09_深蓝模块化流程_环形图/263_Screenshot_20251016_112122.jpg,2800,1260,横版,9,深蓝模块化流程/环形图,#6D9DCF #374E94 #0D1A74 #010257 #000000,模块框、箭头、环形关系、亮青边框；复杂内容被压成模块。,S4“1234”、S5总体蓝图、S14创新双栏。
264,┤┤┐═25═╝╞¼/Screenshot_20251016_112140.jpg,逐图预览/C08_比赛舞台超简洁页/264_Screenshot_20251016_112140.jpg,2800,1260,横版,8,比赛舞台超简洁页,#66A3D6 #3D57A3 #0D2087 #01036D #000001,标题大、图形少、核心词大；舞台远距识别优先。,S1封面、S2三痛点、S9视频、S15收口。
265,┤┤┐═25═╝╞¼/Screenshot_20251016_112221.jpg,逐图预览/C06_蓝色证据页+大白卡/265_Screenshot_20251016_112221.jpg,2800,1260,横版,6,蓝色证据页+大白卡,#4C8FD3 #122994 #0103A0 #020443 #000001,一侧深蓝逻辑，一侧大面积白色后台/证书/公式；证据比装饰更重要。,S7模型①右侧管理后台、S12智管右侧工单/档案。
266,┤┤┐═25═╝╞¼/Screenshot_20251016_112256.jpg,逐图预览/C01_竖屏录屏_手机截图/266_Screenshot_20251016_112256.jpg,2800,1260,横版,1,竖屏录屏/手机截图,#C1E2F0 #588CC9 #1B3096 #010373 #000001,竖屏信息密度高，适合做素材而非整页版式；应裁切关键区域。,未直接套版；只借鉴“手机界面只露关键步骤”，用于S6、S10。
267,┤┤┐═25═╝╞¼/Screenshot_20251016_112301.jpg,逐图预览/C05_数据驾驶舱_地图看板/267_Screenshot_20251016_112301.jpg,2800,1260,横版,5,数据驾驶舱/地图看板,#5B8AC0 #132376 #01029D #02042D #000000,整页或半页大屏数据图，强调地图、指标、趋势，外围不堆文字。,S8模型②右侧沙盘、S11智投四屏驾驶舱。
268,┤┤┐═25═╝╞¼/Screenshot_20251016_112326.jpg,逐图预览/C07_竖屏实拍_录像界面/268_Screenshot_20251016_112326.jpg,2800,1260,横版,7,竖屏实拍/录像界面,#8EACC1 #6A7185 #57515E #4A2725 #080709,更偏过程记录和实拍，不适合作为决赛主版式。,不直接使用；仅借鉴“关键操作截图+标注线”方法。
269,┤┤┐═25═╝╞¼/Screenshot_20251016_112441.jpg,逐图预览/C00_轻色产品界面+实机_手机实景/269_Screenshot_20251016_112441.jpg,2800,1260,横版,0,轻色产品界面+实机/手机实景,#A6C7CE #40706D #242D87 #031569 #00033D,白/浅色产品UI作为证据主体，配手机或实景外壳；不做大面积装饰。,S6一库见底、S10智用：真实小程序/报修界面放进深蓝母版；只把UI当证据，不改变母版。
270,┤┤┐═25═╝╞¼/Screenshot_20251016_112535.jpg,逐图预览/C10_蓝青高质感组件页/270_Screenshot_20251016_112535.jpg,2800,1260,横版,10,蓝青高质感组件页,#DDEBF5 #85AECD #3B4297 #060F76 #000241,蓝青渐变框、玻璃态卡片、发光描边、黄字小题签、白/青大标题。,S2三痛点直接复用原生组件；S4方案卡、S9转场框、S13成效卡统一风格。
271,┤┤┐═25═╝╞¼/Screenshot_20251016_112616.jpg,逐图预览/C04_深蓝科技三步流/271_Screenshot_20251016_112616.jpg,2800,1260,横版,4,深蓝科技三步流,#F0F6FA #D9E7F5 #8FB4CF #222789 #000541,青蓝发光线、编号圆点、三步纵向/横向流程、少量绿色/青色功能胶囊。,S6一库、S7模型①、S8模型②、S10智用、S12智管：统一三步法。
272,┤┤┐═25═╝╞¼/Screenshot_20251016_112626.jpg,逐图预览/C05_数据驾驶舱_地图看板/272_Screenshot_20251016_112626.jpg,2800,1260,横版,5,数据驾驶舱/地图看板,#EDF4FC #D2E5F8 #88B0CE #222889 #000542,整页或半页大屏数据图，强调地图、指标、趋势，外围不堆文字。,S8模型②右侧沙盘、S11智投四屏驾驶舱。
273,┤┤┐═25═╝╞¼/Screenshot_20251016_112635.jpg,逐图预览/C11_办公屏幕_Excel实拍/273_Screenshot_20251016_112635.jpg,2800,1260,横版,11,办公屏幕/Excel实拍,#EBF3FC #CFE5F9 #90BADB #232889 #000340,信息真实但视觉噪声大，适合备份证据，不适合主舞台。,不用于主PPT；只保留后台真实截图作为可信度证据。
274,┤┤┐═25═╝╞¼/Screenshot_20251016_112642.jpg,逐图预览/C04_深蓝科技三步流/274_Screenshot_20251016_112642.jpg,2800,1260,横版,4,深蓝科技三步流,#E4DDB7 #90BCDD #51658F #25145B #000241,青蓝发光线、编号圆点、三步纵向/横向流程、少量绿色/青色功能胶囊。,S6一库、S7模型①、S8模型②、S10智用、S12智管：统一三步法。
275,┤┤┐═25═╝╞¼/Screenshot_20251016_112711.jpg,逐图预览/C01_竖屏录屏_手机截图/275_Screenshot_20251016_112711.jpg,2800,1260,横版,1,竖屏录屏/手机截图,#E0EDF8 #BEDAF1 #6E94B5 #19217B #000240,竖屏信息密度高，适合做素材而非整页版式；应裁切关键区域。,未直接套版；只借鉴“手机界面只露关键步骤”，用于S6、S10。
276,┤┤┐═25═╝╞¼/Screenshot_20251016_112724.jpg,逐图预览/C09_深蓝模块化流程_环形图/276_Screenshot_20251016_112724.jpg,2800,1260,横版,9,深蓝模块化流程/环形图,#EDF4FC #CEE2F4 #82ACC6 #212688 #000541,模块框、箭头、环形关系、亮青边框；复杂内容被压成模块。,S4“1234”、S5总体蓝图、S14创新双栏。
277,┤┤┐═25═╝╞¼/Screenshot_20251016_112748.jpg,逐图预览/C04_深蓝科技三步流/277_Screenshot_20251016_112748.jpg,2800,1260,横版,4,深蓝科技三步流,#CBE1F1 #648EAE #282F87 #040B66 #000240,青蓝发光线、编号圆点、三步纵向/横向流程、少量绿色/青色功能胶囊。,S6一库、S7模型①、S8模型②、S10智用、S12智管：统一三步法。
278,┤┤┐═25═╝╞¼/Screenshot_20251016_112749.jpg,逐图预览/C03_现场大屏单中心构图/278_Screenshot_20251016_112749.jpg,2800,1260,横版,3,现场大屏单中心构图,#DEEAF8 #94ABC8 #414394 #060D7A #000240,远距离可读：一页一个中心观点，大标题+一个主图/主流程，文字极少。,S3根因、S9视频转场、S15结尾：只留一句核心判断。
279,┤┤┐═25═╝╞¼/Screenshot_20251016_112810.jpg,逐图预览/C02_蓝色舞台框+浅色证据卡/279_Screenshot_20251016_112810.jpg,2800,1260,横版,2,蓝色舞台框+浅色证据卡,#D1E5F4 #6790B9 #2A307C #050C6D #000242,深蓝背景中嵌一张高亮白/浅卡，视觉中心清晰，外围少量标签。,S7模型①、S12智管：后台截图集中为一个证据区，左侧保留三步法。
280,┤┤┐═25═╝╞¼/Screenshot_20251016_112824.jpg,逐图预览/C04_深蓝科技三步流/280_Screenshot_20251016_112824.jpg,2800,1260,横版,4,深蓝科技三步流,#CBE2F2 #5C7FAF #1F2571 #04095D #000241,青蓝发光线、编号圆点、三步纵向/横向流程、少量绿色/青色功能胶囊。,S6一库、S7模型①、S8模型②、S10智用、S12智管：统一三步法。
281,┤┤┐═25═╝╞¼/Screenshot_20251016_112829.jpg,逐图预览/C10_蓝青高质感组件页/281_Screenshot_20251016_112829.jpg,2800,1260,横版,10,蓝青高质感组件页,#BFDAEE #506D9E #0D16A8 #0B1927 #000038,蓝青渐变框、玻璃态卡片、发光描边、黄字小题签、白/青大标题。,S2三痛点直接复用原生组件；S4方案卡、S9转场框、S13成效卡统一风格。
282,┤┤┐═25═╝╞¼/Screenshot_20251016_112906.jpg,逐图预览/C02_蓝色舞台框+浅色证据卡/282_Screenshot_20251016_112906.jpg,2800,1260,横版,2,蓝色舞台框+浅色证据卡,#3E9190 #1B656E #14424E #042736 #03070A,深蓝背景中嵌一张高亮白/浅卡，视觉中心清晰，外围少量标签。,S7模型①、S12智管：后台截图集中为一个证据区，左侧保留三步法。
283,┤┤┐═25═╝╞¼/Screenshot_20251016_112931.jpg,逐图预览/C08_比赛舞台超简洁页/283_Screenshot_20251016_112931.jpg,2800,1260,横版,8,比赛舞台超简洁页,#91BBB3 #296767 #103C46 #0D1E28 #000D13,标题大、图形少、核心词大；舞台远距识别优先。,S1封面、S2三痛点、S9视频、S15收口。
284,┤┤┐═25═╝╞¼/Screenshot_20251016_112937.jpg,逐图预览/C10_蓝青高质感组件页/284_Screenshot_20251016_112937.jpg,2800,1260,横版,10,蓝青高质感组件页,#4A9B8A #20575B #0C353D #101B24 #000C11,蓝青渐变框、玻璃态卡片、发光描边、黄字小题签、白/青大标题。,S2三痛点直接复用原生组件；S4方案卡、S9转场框、S13成效卡统一风格。
285,┤┤┐═25═╝╞¼/Screenshot_20251016_112949.jpg,逐图预览/C09_深蓝模块化流程_环形图/285_Screenshot_20251016_112949.jpg,2800,1260,横版,9,深蓝模块化流程/环形图,#F0F7FF #EFF5FE #ECF4FD #ADB5BE #0A0B0D,模块框、箭头、环形关系、亮青边框；复杂内容被压成模块。,S4“1234”、S5总体蓝图、S14创新双栏。
286,┤┤┐═25═╝╞¼/Screenshot_20251016_112951.jpg,逐图预览/C05_数据驾驶舱_地图看板/286_Screenshot_20251016_112951.jpg,2800,1260,横版,5,数据驾驶舱/地图看板,#E0E9F4 #C0CCDE #B4C2D5 #646D58 #100D0B,整页或半页大屏数据图，强调地图、指标、趋势，外围不堆文字。,S8模型②右侧沙盘、S11智投四屏驾驶舱。
287,┤┤┐═25═╝╞¼/Screenshot_20251016_112954.jpg,逐图预览/C07_竖屏实拍_录像界面/287_Screenshot_20251016_112954.jpg,2800,1260,横版,7,竖屏实拍/录像界面,#45A78E #276665 #113A43 #0D1E28 #000D12,更偏过程记录和实拍，不适合作为决赛主版式。,不直接使用；仅借鉴“关键操作截图+标注线”方法。
288,┤┤┐═25═╝╞¼/Screenshot_20251016_113001.jpg,逐图预览/C05_数据驾驶舱_地图看板/288_Screenshot_20251016_113001.jpg,2800,1260,横版,5,数据驾驶舱/地图看板,#F0F7FF #EFF5FE #ECF3FD #B8BEC6 #18191B,整页或半页大屏数据图，强调地图、指标、趋势，外围不堆文字。,S8模型②右侧沙盘、S11智投四屏驾驶舱。
289,┤┤┐═25═╝╞¼/Screenshot_20251016_113013.jpg,逐图预览/C07_竖屏实拍_录像界面/289_Screenshot_20251016_113013.jpg,2800,1260,横版,7,竖屏实拍/录像界面,#E6E8E7 #ACC6C7 #919489 #685D55 #0D0A0B,更偏过程记录和实拍，不适合作为决赛主版式。,不直接使用；仅借鉴“关键操作截图+标注线”方法。
290,┤┤┐═25═╝╞¼/Screenshot_20251016_113051.jpg,逐图预览/C10_蓝青高质感组件页/290_Screenshot_20251016_113051.jpg,2800,1260,横版,10,蓝青高质感组件页,#D1E1ED #759AB7 #25475A #060D8E #020B03,蓝青渐变框、玻璃态卡片、发光描边、黄字小题签、白/青大标题。,S2三痛点直接复用原生组件；S4方案卡、S9转场框、S13成效卡统一风格。
291,┤┤┐═25═╝╞¼/Screenshot_20251016_113107.jpg,逐图预览/C04_深蓝科技三步流/291_Screenshot_20251016_113107.jpg,2800,1260,横版,4,深蓝科技三步流,#BDDBDC #67859E #1E414D #060D8E #020B03,青蓝发光线、编号圆点、三步纵向/横向流程、少量绿色/青色功能胶囊。,S6一库、S7模型①、S8模型②、S10智用、S12智管：统一三步法。
292,┤┤┐═25═╝╞¼/Screenshot_20251016_113128.jpg,逐图预览/C08_比赛舞台超简洁页/292_Screenshot_20251016_113128.jpg,2800,1260,横版,8,比赛舞台超简洁页,#BDD7E1 #5C82A1 #1A404E #060D8B #010B03,标题大、图形少、核心词大；舞台远距识别优先。,S1封面、S2三痛点、S9视频、S15收口。
293,┤┤┐═25═╝╞¼/Screenshot_20251016_113142.jpg,逐图预览/C01_竖屏录屏_手机截图/293_Screenshot_20251016_113142.jpg,2800,1260,横版,1,竖屏录屏/手机截图,#E5EFFC #C5E0F8 #74A1BA #202584 #000541,竖屏信息密度高，适合做素材而非整页版式；应裁切关键区域。,未直接套版；只借鉴“手机界面只露关键步骤”，用于S6、S10。
294,┤┤┐═25═╝╞¼/Screenshot_20251016_113156.jpg,逐图预览/C01_竖屏录屏_手机截图/294_Screenshot_20251016_113156.jpg,2800,1260,横版,1,竖屏录屏/手机截图,#CBD2DB #6D6A6D #712F2A #3D2C2B #090809,竖屏信息密度高，适合做素材而非整页版式；应裁切关键区域。,未直接套版；只借鉴“手机界面只露关键步骤”，用于S6、S10。
295,┤┤┐═25═╝╞¼/Screenshot_20251016_113303.jpg,逐图预览/C07_竖屏实拍_录像界面/295_Screenshot_20251016_113303.jpg,2800,1260,横版,7,竖屏实拍/录像界面,#BEDCE1 #6E6D71 #702F2B #3B2B2D #080809,更偏过程记录和实拍，不适合作为决赛主版式。,不直接使用；仅借鉴“关键操作截图+标注线”方法。
296,┤┤┐═25═╝╞¼/Screenshot_20251016_113406.jpg,逐图预览/C09_深蓝模块化流程_环形图/296_Screenshot_20251016_113406.jpg,2800,1260,横版,9,深蓝模块化流程/环形图,#91938F #6C6664 #594D4A #4B2721 #080707,模块框、箭头、环形关系、亮青边框；复杂内容被压成模块。,S4“1234”、S5总体蓝图、S14创新双栏。
297,┤┤┐═25═╝╞¼/Screenshot_20251016_113420.jpg,逐图预览/C10_蓝青高质感组件页/297_Screenshot_20251016_113420.jpg,2800,1260,横版,10,蓝青高质感组件页,#E2EEF4 #4D899B #363479 #04136C #00094E,蓝青渐变框、玻璃态卡片、发光描边、黄字小题签、白/青大标题。,S2三痛点直接复用原生组件；S4方案卡、S9转场框、S13成效卡统一风格。
298,┤┤┐═25═╝╞¼/Screenshot_20251016_113423.jpg,逐图预览/C10_蓝青高质感组件页/298_Screenshot_20251016_113423.jpg,2800,1260,横版,10,蓝青高质感组件页,#D8E8F2 #7287A9 #342F6E #060B6F #000241,蓝青渐变框、玻璃态卡片、发光描边、黄字小题签、白/青大标题。,S2三痛点直接复用原生组件；S4方案卡、S9转场框、S13成效卡统一风格。
299,┤┤┐═25═╝╞¼/Screenshot_20251016_113447.jpg,逐图预览/C04_深蓝科技三步流/299_Screenshot_20251016_113447.jpg,2800,1260,横版,4,深蓝科技三步流,#E5F0F7 #7294B3 #3F3368 #060D73 #000242,青蓝发光线、编号圆点、三步纵向/横向流程、少量绿色/青色功能胶囊。,S6一库、S7模型①、S8模型②、S10智用、S12智管：统一三步法。
300,┤┤┐═25═╝╞¼/Screenshot_20251016_113512.jpg,逐图预览/C03_现场大屏单中心构图/300_Screenshot_20251016_113512.jpg,2800,1260,横版,3,现场大屏单中心构图,#DDEBF2 #718AA5 #403369 #060C72 #000242,远距离可读：一页一个中心观点，大标题+一个主图/主流程，文字极少。,S3根因、S9视频转场、S15结尾：只留一句核心判断。
301,┤┤┐═25═╝╞¼/Screenshot_20251016_113524.jpg,逐图预览/C09_深蓝模块化流程_环形图/301_Screenshot_20251016_113524.jpg,2800,1260,横版,9,深蓝模块化流程/环形图,#EDF4FA #7BAED1 #4D4D78 #070C87 #02060A,模块框、箭头、环形关系、亮青边框；复杂内容被压成模块。,S4“1234”、S5总体蓝图、S14创新双栏。
302,┤┤┐═25═╝╞¼/Screenshot_20251016_113549.jpg,逐图预览/C06_蓝色证据页+大白卡/302_Screenshot_20251016_113549.jpg,2800,1260,横版,6,蓝色证据页+大白卡,#D6E4EC #70859F #3B3067 #060C70 #000241,一侧深蓝逻辑，一侧大面积白色后台/证书/公式；证据比装饰更重要。,S7模型①右侧管理后台、S12智管右侧工单/档案。
303,┤┤┐═25═╝╞¼/Screenshot_20251016_113630.jpg,逐图预览/C01_竖屏录屏_手机截图/303_Screenshot_20251016_113630.jpg,2800,1260,横版,1,竖屏录屏/手机截图,#E9F2F9 #7F9DC0 #413366 #060C74 #000241,竖屏信息密度高，适合做素材而非整页版式；应裁切关键区域。,未直接套版；只借鉴“手机界面只露关键步骤”，用于S6、S10。
304,┤┤┐═25═╝╞¼/Screenshot_20251016_113655.jpg,逐图预览/C05_数据驾驶舱_地图看板/304_Screenshot_20251016_113655.jpg,2800,1260,横版,5,数据驾驶舱/地图看板,#E8F2F9 #7E9CBE #403368 #060C73 #000242,整页或半页大屏数据图，强调地图、指标、趋势，外围不堆文字。,S8模型②右侧沙盘、S11智投四屏驾驶舱。
305,┤┤┐═25═╝╞¼/Screenshot_20251016_113811.jpg,逐图预览/C01_竖屏录屏_手机截图/305_Screenshot_20251016_113811.jpg,2800,1260,横版,1,竖屏录屏/手机截图,#ECF3FD #8CA4C8 #413266 #060C73 #000242,竖屏信息密度高，适合做素材而非整页版式；应裁切关键区域。,未直接套版；只借鉴“手机界面只露关键步骤”，用于S6、S10。
306,┤┤┐═25═╝╞¼/Screenshot_20251016_113918.jpg,逐图预览/C09_深蓝模块化流程_环形图/306_Screenshot_20251016_113918.jpg,2800,1260,横版,9,深蓝模块化流程/环形图,#ECF3FC #889DBC #413264 #060D77 #000240,模块框、箭头、环形关系、亮青边框；复杂内容被压成模块。,S4“1234”、S5总体蓝图、S14创新双栏。
307,┤┤┐═25═╝╞¼/Screenshot_20251016_113941.jpg,逐图预览/C10_蓝青高质感组件页/307_Screenshot_20251016_113941.jpg,2800,1260,横版,10,蓝青高质感组件页,#C4EDF4 #81A2C5 #3E3367 #060C70 #000243,蓝青渐变框、玻璃态卡片、发光描边、黄字小题签、白/青大标题。,S2三痛点直接复用原生组件；S4方案卡、S9转场框、S13成效卡统一风格。
308,┤┤┐═25═╝╞¼/Screenshot_20251016_113956.jpg,逐图预览/C08_比赛舞台超简洁页/308_Screenshot_20251016_113956.jpg,2800,1260,横版,8,比赛舞台超简洁页,#A290A2 #75395E #98111B #070968 #00013F,标题大、图形少、核心词大；舞台远距识别优先。,S1封面、S2三痛点、S9视频、S15收口。
309,┤┤┐═25═╝╞¼/Screenshot_20251016_114016.jpg,逐图预览/C01_竖屏录屏_手机截图/309_Screenshot_20251016_114016.jpg,2800,1260,横版,1,竖屏录屏/手机截图,#E0CEBD #A1747B #562B64 #060B72 #000242,竖屏信息密度高，适合做素材而非整页版式；应裁切关键区域。,未直接套版；只借鉴“手机界面只露关键步骤”，用于S6、S10。
310,┤┤┐═25═╝╞¼/Screenshot_20251016_114021.jpg,逐图预览/C05_数据驾驶舱_地图看板/310_Screenshot_20251016_114021.jpg,2800,1260,横版,5,数据驾驶舱/地图看板,#DFCFBE #A47379 #562A63 #070B74 #000242,整页或半页大屏数据图，强调地图、指标、趋势，外围不堆文字。,S8模型②右侧沙盘、S11智投四屏驾驶舱。
311,┤┤┐═25═╝╞¼/Screenshot_20251016_114221.jpg,逐图预览/C10_蓝青高质感组件页/311_Screenshot_20251016_114221.jpg,2800,1260,横版,10,蓝青高质感组件页,#9FA094 #726B63 #5E534B #522921 #060505,蓝青渐变框、玻璃态卡片、发光描边、黄字小题签、白/青大标题。,S2三痛点直接复用原生组件；S4方案卡、S9转场框、S13成效卡统一风格。
312,┤┤┐═25═╝╞¼/Screenshot_20251016_114522.jpg,逐图预览/C10_蓝青高质感组件页/312_Screenshot_20251016_114522.jpg,2800,1260,横版,10,蓝青高质感组件页,#A0B7C6 #70787D #595556 #4D2824 #0A090A,蓝青渐变框、玻璃态卡片、发光描边、黄字小题签、白/青大标题。,S2三痛点直接复用原生组件；S4方案卡、S9转场框、S13成效卡统一风格。
313,┤┤┐═25═╝╞¼/Screenshot_20251016_114538.jpg,逐图预览/C01_竖屏录屏_手机截图/313_Screenshot_20251016_114538.jpg,2800,1260,横版,1,竖屏录屏/手机截图,#AAB4C3 #70767F #5A575F #4F2926 #0A0A0B,竖屏信息密度高，适合做素材而非整页版式；应裁切关键区域。,未直接套版；只借鉴“手机界面只露关键步骤”，用于S6、S10。
314,┤┤┐═25═╝╞¼/Screenshot_20251016_114637.jpg,逐图预览/C01_竖屏录屏_手机截图/314_Screenshot_20251016_114637.jpg,2800,1260,横版,1,竖屏录屏/手机截图,#94A0AA #6A6C6E #534E54 #4B2827 #0A0A0B,竖屏信息密度高，适合做素材而非整页版式；应裁切关键区域。,未直接套版；只借鉴“手机界面只露关键步骤”，用于S6、S10。
315,┤┤┐═25═╝╞¼/Screenshot_20251016_114752.jpg,逐图预览/C07_竖屏实拍_录像界面/315_Screenshot_20251016_114752.jpg,1260,2800,竖版,7,竖屏实拍/录像界面,#696E75 #3E424D #21253D #0E0932 #00043B,更偏过程记录和实拍，不适合作为决赛主版式。,不直接使用；仅借鉴“关键操作截图+标注线”方法。
316,┤┤┐═25═╝╞¼/Screenshot_20251016_114758.jpg,逐图预览/C10_蓝青高质感组件页/316_Screenshot_20251016_114758.jpg,1260,2800,竖版,10,蓝青高质感组件页,#696F76 #3E424D #21253C #0E0932 #00043B,蓝青渐变框、玻璃态卡片、发光描边、黄字小题签、白/青大标题。,S2三痛点直接复用原生组件；S4方案卡、S9转场框、S13成效卡统一风格。
317,┤┤┐═25═╝╞¼/Screenshot_20251016_114818.jpg,逐图预览/C06_蓝色证据页+大白卡/317_Screenshot_20251016_114818.jpg,1260,2800,竖版,6,蓝色证据页+大白卡,#535860 #20243C #0D0831 #000641 #000030,一侧深蓝逻辑，一侧大面积白色后台/证书/公式；证据比装饰更重要。,S7模型①右侧管理后台、S12智管右侧工单/档案。
318,┤┤┐═25═╝╞¼/Screenshot_20251016_115314.jpg,逐图预览/C02_蓝色舞台框+浅色证据卡/318_Screenshot_20251016_115314.jpg,1260,2800,竖版,2,蓝色舞台框+浅色证据卡,#506883 #223251 #101849 #010451 #020229,深蓝背景中嵌一张高亮白/浅卡，视觉中心清晰，外围少量标签。,S7模型①、S12智管：后台截图集中为一个证据区，左侧保留三步法。
319,┤┤┐═25═╝╞¼/Screenshot_20251016_115632.jpg,逐图预览/C07_竖屏实拍_录像界面/319_Screenshot_20251016_115632.jpg,1260,2800,竖版,7,竖屏实拍/录像界面,#FCFEFD #779A95 #45484B #44484B #3A3F42,更偏过程记录和实拍，不适合作为决赛主版式。,不直接使用；仅借鉴“关键操作截图+标注线”方法。
320,┤┤┐═25═╝╞¼/Screenshot_20251016_141307.jpg,逐图预览/C05_数据驾驶舱_地图看板/320_Screenshot_20251016_141307.jpg,1260,2800,竖版,5,数据驾驶舱/地图看板,#4E6E9F #22345B #111C54 #020758 #030330,整页或半页大屏数据图，强调地图、指标、趋势，外围不堆文字。,S8模型②右侧沙盘、S11智投四屏驾驶舱。
321,┤┤┐═25═╝╞¼/Screenshot_20251016_141331.jpg,逐图预览/C09_深蓝模块化流程_环形图/321_Screenshot_20251016_141331.jpg,1260,2800,竖版,9,深蓝模块化流程/环形图,#4B6697 #1F335C #111B53 #020758 #030330,模块框、箭头、环形关系、亮青边框；复杂内容被压成模块。,S4“1234”、S5总体蓝图、S14创新双栏。
322,┤┤┐═25═╝╞¼/Screenshot_20251016_141404.jpg,逐图预览/C08_比赛舞台超简洁页/322_Screenshot_20251016_141404.jpg,1260,2800,竖版,8,比赛舞台超简洁页,#335487 #131E55 #01086C #03063F #030430,标题大、图形少、核心词大；舞台远距识别优先。,S1封面、S2三痛点、S9视频、S15收口。
323,┤┤┐═25═╝╞¼/Screenshot_20251016_141423.jpg,逐图预览/C06_蓝色证据页+大白卡/323_Screenshot_20251016_141423.jpg,1260,2800,竖版,6,蓝色证据页+大白卡,#526E95 #1F3354 #111B4C #020755 #03042F,一侧深蓝逻辑，一侧大面积白色后台/证书/公式；证据比装饰更重要。,S7模型①右侧管理后台、S12智管右侧工单/档案。
324,┤┤┐═25═╝╞¼/Screenshot_20251016_141428.jpg,逐图预览/C06_蓝色证据页+大白卡/324_Screenshot_20251016_141428.jpg,1260,2800,竖版,6,蓝色证据页+大白卡,#DDE7F5 #4D5F89 #1A244C #030854 #040430,一侧深蓝逻辑，一侧大面积白色后台/证书/公式；证据比装饰更重要。,S7模型①右侧管理后台、S12智管右侧工单/档案。
325,┤┤┐═25═╝╞¼/Screenshot_20251016_141435.jpg,逐图预览/C08_比赛舞台超简洁页/325_Screenshot_20251016_141435.jpg,1260,2800,竖版,8,比赛舞台超简洁页,#D2E2F1 #45567F #1A234C #030854 #040430,标题大、图形少、核心词大；舞台远距识别优先。,S1封面、S2三痛点、S9视频、S15收口。
326,┤┤┐═25═╝╞¼/Screenshot_20251016_141438.jpg,逐图预览/C06_蓝色证据页+大白卡/326_Screenshot_20251016_141438.jpg,1260,2800,竖版,6,蓝色证据页+大白卡,#8695A5 #1A213C #0C0E2A #030531 #00043B,一侧深蓝逻辑，一侧大面积白色后台/证书/公式；证据比装饰更重要。,S7模型①右侧管理后台、S12智管右侧工单/档案。
327,┤┤┐═25═╝╞¼/Screenshot_20251016_141440.jpg,逐图预览/C07_竖屏实拍_录像界面/327_Screenshot_20251016_141440.jpg,1260,2800,竖版,7,竖屏实拍/录像界面,#D8E1EA #25324C #0D1039 #020635 #00043B,更偏过程记录和实拍，不适合作为决赛主版式。,不直接使用；仅借鉴“关键操作截图+标注线”方法。
328,┤┤┐═25═╝╞¼/Screenshot_20251016_141446.jpg,逐图预览/C10_蓝青高质感组件页/328_Screenshot_20251016_141446.jpg,1260,2800,竖版,10,蓝青高质感组件页,#D3D5E0 #25324C #0D1039 #020635 #00043B,蓝青渐变框、玻璃态卡片、发光描边、黄字小题签、白/青大标题。,S2三痛点直接复用原生组件；S4方案卡、S9转场框、S13成效卡统一风格。
329,┤┤┐═25═╝╞¼/Screenshot_20251016_141457.jpg,逐图预览/C08_比赛舞台超简洁页/329_Screenshot_20251016_141457.jpg,1260,2800,竖版,8,比赛舞台超简洁页,#D2DCE5 #23324C #0E1039 #010C45 #010133,标题大、图形少、核心词大；舞台远距识别优先。,S1封面、S2三痛点、S9视频、S15收口。
330,┤┤┐═25═╝╞¼/Screenshot_20251016_141528.jpg,逐图预览/C08_比赛舞台超简洁页/330_Screenshot_20251016_141528.jpg,1260,2800,竖版,8,比赛舞台超简洁页,#D4DEEC #2A354E #0E1039 #010C45 #010133,标题大、图形少、核心词大；舞台远距识别优先。,S1封面、S2三痛点、S9视频、S15收口。
331,┤┤┐═25═╝╞¼/Screenshot_20251016_141536.jpg,逐图预览/C03_现场大屏单中心构图/331_Screenshot_20251016_141536.jpg,1260,2800,竖版,3,现场大屏单中心构图,#EFF6FE #B6BECB #202B47 #080A36 #00043A,远距离可读：一页一个中心观点，大标题+一个主图/主流程，文字极少。,S3根因、S9视频转场、S15结尾：只留一句核心判断。
332,┤┤┐═25═╝╞¼/Screenshot_20251016_141539.jpg,逐图预览/C09_深蓝模块化流程_环形图/332_Screenshot_20251016_141539.jpg,1260,2800,竖版,9,深蓝模块化流程/环形图,#F0F7FF #A2A9B4 #202B46 #080A36 #00043A,模块框、箭头、环形关系、亮青边框；复杂内容被压成模块。,S4“1234”、S5总体蓝图、S14创新双栏。
333,┤┤┐═25═╝╞¼/Screenshot_20251016_141540.jpg,逐图预览/C04_深蓝科技三步流/333_Screenshot_20251016_141540.jpg,1260,2800,竖版,4,深蓝科技三步流,#315273 #1D3450 #112040 #070A35 #00043B,青蓝发光线、编号圆点、三步纵向/横向流程、少量绿色/青色功能胶囊。,S6一库、S7模型①、S8模型②、S10智用、S12智管：统一三步法。
334,┤┤┐═25═╝╞¼/Screenshot_20251016_141545.jpg,逐图预览/C01_竖屏录屏_手机截图/334_Screenshot_20251016_141545.jpg,1260,2800,竖版,1,竖屏录屏/手机截图,#334C66 #1D2D4A #101B3C #060934 #00043A,竖屏信息密度高，适合做素材而非整页版式；应裁切关键区域。,未直接套版；只借鉴“手机界面只露关键步骤”，用于S6、S10。
335,┤┤┐═25═╝╞¼/Screenshot_20251016_141547.jpg,逐图预览/C08_比赛舞台超简洁页/335_Screenshot_20251016_141547.jpg,1260,2800,竖版,8,比赛舞台超简洁页,#53819C #25435B #172542 #070A34 #00053A,标题大、图形少、核心词大；舞台远距识别优先。,S1封面、S2三痛点、S9视频、S15收口。
336,┤┤┐═25═╝╞¼/Screenshot_20251016_141644.jpg,逐图预览/C08_比赛舞台超简洁页/336_Screenshot_20251016_141644.jpg,1260,2800,竖版,8,比赛舞台超简洁页,#4E6898 #1F325C #111B54 #020756 #030330,标题大、图形少、核心词大；舞台远距识别优先。,S1封面、S2三痛点、S9视频、S15收口。
337,┤┤┐═25═╝╞¼/Screenshot_20251016_141730.jpg,逐图预览/C04_深蓝科技三步流/337_Screenshot_20251016_141730.jpg,1260,2800,竖版,4,深蓝科技三步流,#6E87B4 #24395F #121D53 #020756 #030430,青蓝发光线、编号圆点、三步纵向/横向流程、少量绿色/青色功能胶囊。,S6一库、S7模型①、S8模型②、S10智用、S12智管：统一三步法。
338,┤┤┐═25═╝╞¼/Screenshot_20251016_141837.jpg,逐图预览/C01_竖屏录屏_手机截图/338_Screenshot_20251016_141837.jpg,1260,2800,竖版,1,竖屏录屏/手机截图,#486CA2 #21365D #121C50 #020758 #030330,竖屏信息密度高，适合做素材而非整页版式；应裁切关键区域。,未直接套版；只借鉴“手机界面只露关键步骤”，用于S6、S10。
339,┤┤┐═25═╝╞¼/Screenshot_20251016_141913.jpg,逐图预览/C08_比赛舞台超简洁页/339_Screenshot_20251016_141913.jpg,1260,2800,竖版,8,比赛舞台超简洁页,#38507E #111C53 #01086B #03063F #030330,标题大、图形少、核心词大；舞台远距识别优先。,S1封面、S2三痛点、S9视频、S15收口。
340,┤┤┐═25═╝╞¼/Screenshot_20251016_142431.jpg,逐图预览/C06_蓝色证据页+大白卡/340_Screenshot_20251016_142431.jpg,1260,2800,竖版,6,蓝色证据页+大白卡,#B6D5B4 #516283 #1A244C #030855 #030430,一侧深蓝逻辑，一侧大面积白色后台/证书/公式；证据比装饰更重要。,S7模型①右侧管理后台、S12智管右侧工单/档案。
341,┤┤┐═25═╝╞¼/Screenshot_20251016_142604.jpg,逐图预览/C00_轻色产品界面+实机_手机实景/341_Screenshot_20251016_142604.jpg,1260,2800,竖版,0,轻色产品界面+实机/手机实景,#CCDFE7 #27344E #0D1039 #010C46 #010133,白/浅色产品UI作为证据主体，配手机或实景外壳；不做大面积装饰。,S6一库见底、S10智用：真实小程序/报修界面放进深蓝母版；只把UI当证据，不改变母版。
342,┤┤┐═25═╝╞¼/Screenshot_20251016_142639.jpg,逐图预览/C05_数据驾驶舱_地图看板/342_Screenshot_20251016_142639.jpg,1260,2800,竖版,5,数据驾驶舱/地图看板,#435D7F #1C2C4A #0D1643 #01044F #01012C,整页或半页大屏数据图，强调地图、指标、趋势，外围不堆文字。,S8模型②右侧沙盘、S11智投四屏驾驶舱。
343,┤┤┐═25═╝╞¼/Screenshot_20251016_143050.jpg,逐图预览/C04_深蓝科技三步流/343_Screenshot_20251016_143050.jpg,1260,2800,竖版,4,深蓝科技三步流,#5F6676 #1B213E #0C0631 #00053F #000030,青蓝发光线、编号圆点、三步纵向/横向流程、少量绿色/青色功能胶囊。,S6一库、S7模型①、S8模型②、S10智用、S12智管：统一三步法。
344,┤┤┐═25═╝╞¼/Screenshot_20251016_143108.jpg,逐图预览/C02_蓝色舞台框+浅色证据卡/344_Screenshot_20251016_143108.jpg,1260,2800,竖版,2,蓝色舞台框+浅色证据卡,#515561 #1B203E #0C0631 #00053F #000030,深蓝背景中嵌一张高亮白/浅卡，视觉中心清晰，外围少量标签。,S7模型①、S12智管：后台截图集中为一个证据区，左侧保留三步法。
345,┤┤┐═25═╝╞¼/Screenshot_20251016_143110.jpg,逐图预览/C06_蓝色证据页+大白卡/345_Screenshot_20251016_143110.jpg,1260,2800,竖版,6,蓝色证据页+大白卡,#5A5E6B #1B203D #0C0631 #00053F #000030,一侧深蓝逻辑，一侧大面积白色后台/证书/公式；证据比装饰更重要。,S7模型①右侧管理后台、S12智管右侧工单/档案。
346,┤┤┐═25═╝╞¼/Screenshot_20251016_143116.jpg,逐图预览/C01_竖屏录屏_手机截图/346_Screenshot_20251016_143116.jpg,1260,2800,竖版,1,竖屏录屏/手机截图,#5F6571 #1B203E #0C0631 #00053F #000030,竖屏信息密度高，适合做素材而非整页版式；应裁切关键区域。,未直接套版；只借鉴“手机界面只露关键步骤”，用于S6、S10。
347,┤┤┐═25═╝╞¼/Screenshot_20251016_143124.jpg,逐图预览/C01_竖屏录屏_手机截图/347_Screenshot_20251016_143124.jpg,1260,2800,竖版,1,竖屏录屏/手机截图,#52555E #1B203E #0C0631 #00053F #000030,竖屏信息密度高，适合做素材而非整页版式；应裁切关键区域。,未直接套版；只借鉴“手机界面只露关键步骤”，用于S6、S10。
348,┤┤┐═25═╝╞¼/Screenshot_20251016_143127.jpg,逐图预览/C04_深蓝科技三步流/348_Screenshot_20251016_143127.jpg,1260,2800,竖版,4,深蓝科技三步流,#525763 #1B203D #0D0631 #00053F #000030,青蓝发光线、编号圆点、三步纵向/横向流程、少量绿色/青色功能胶囊。,S6一库、S7模型①、S8模型②、S10智用、S12智管：统一三步法。
349,┤┤┐═25═╝╞¼/Screenshot_20251016_143134.jpg,逐图预览/C01_竖屏录屏_手机截图/349_Screenshot_20251016_143134.jpg,1260,2800,竖版,1,竖屏录屏/手机截图,#6B707A #1B213E #0C0632 #00053F #000030,竖屏信息密度高，适合做素材而非整页版式；应裁切关键区域。,未直接套版；只借鉴“手机界面只露关键步骤”，用于S6、S10。
350,┤┤┐═25═╝╞¼/Screenshot_20251016_143156.jpg,逐图预览/C05_数据驾驶舱_地图看板/350_Screenshot_20251016_143156.jpg,1260,2800,竖版,5,数据驾驶舱/地图看板,#515A6E #1B203E #0C0631 #00053F #000030,整页或半页大屏数据图，强调地图、指标、趋势，外围不堆文字。,S8模型②右侧沙盘、S11智投四屏驾驶舱。
351,┤┤┐═25═╝╞¼/Screenshot_20251016_143203.jpg,逐图预览/C01_竖屏录屏_手机截图/351_Screenshot_20251016_143203.jpg,1260,2800,竖版,1,竖屏录屏/手机截图,#5E6576 #1B213E #0C0631 #00053F #000030,竖屏信息密度高，适合做素材而非整页版式；应裁切关键区域。,未直接套版；只借鉴“手机界面只露关键步骤”，用于S6、S10。
352,┤┤┐═25═╝╞¼/Screenshot_20251016_143314.jpg,逐图预览/C04_深蓝科技三步流/352_Screenshot_20251016_143314.jpg,1260,2800,竖版,4,深蓝科技三步流,#727C8C #414454 #22253D #0D0932 #00043B,青蓝发光线、编号圆点、三步纵向/横向流程、少量绿色/青色功能胶囊。,S6一库、S7模型①、S8模型②、S10智用、S12智管：统一三步法。
353,┤┤┐═25═╝╞¼/Screenshot_20251016_144000.jpg,逐图预览/C10_蓝青高质感组件页/353_Screenshot_20251016_144000.jpg,1260,2800,竖版,10,蓝青高质感组件页,#BECBDC #25314E #0D1039 #010C46 #010133,蓝青渐变框、玻璃态卡片、发光描边、黄字小题签、白/青大标题。,S2三痛点直接复用原生组件；S4方案卡、S9转场框、S13成效卡统一风格。
354,┤┤┐═25═╝╞¼/Screenshot_20251016_144132.jpg,逐图预览/C08_比赛舞台超简洁页/354_Screenshot_20251016_144132.jpg,1260,2800,竖版,8,比赛舞台超简洁页,#8A97B5 #19234C #010869 #03063E #03042F,标题大、图形少、核心词大；舞台远距识别优先。,S1封面、S2三痛点、S9视频、S15收口。
355,┤┤┐═25═╝╞¼/Screenshot_20251016_144656.jpg,逐图预览/C03_现场大屏单中心构图/355_Screenshot_20251016_144656.jpg,1260,2800,竖版,3,现场大屏单中心构图,#50576D #23263D #170D32 #020433 #00043B,远距离可读：一页一个中心观点，大标题+一个主图/主流程，文字极少。,S3根因、S9视频转场、S15结尾：只留一句核心判断。
356,┤┤┐═25═╝╞¼/Screenshot_20251016_145245.jpg,逐图预览/C08_比赛舞台超简洁页/356_Screenshot_20251016_145245.jpg,1260,2800,竖版,8,比赛舞台超简洁页,#A9B7CF #2D3E62 #131E52 #020756 #030430,标题大、图形少、核心词大；舞台远距识别优先。,S1封面、S2三痛点、S9视频、S15收口。
357,┤┤┐═25═╝╞¼/Screenshot_20251016_145322.jpg,逐图预览/C05_数据驾驶舱_地图看板/357_Screenshot_20251016_145322.jpg,1260,2800,竖版,5,数据驾驶舱/地图看板,#536282 #26304D #151A43 #020652 #050428,整页或半页大屏数据图，强调地图、指标、趋势，外围不堆文字。,S8模型②右侧沙盘、S11智投四屏驾驶舱。
358,┤┤┐═25═╝╞¼/Screenshot_20251016_145539.jpg,逐图预览/C05_数据驾驶舱_地图看板/358_Screenshot_20251016_145539.jpg,1260,2800,竖版,5,数据驾驶舱/地图看板,#4E6B93 #253554 #121A4B #020653 #02032C,整页或半页大屏数据图，强调地图、指标、趋势，外围不堆文字。,S8模型②右侧沙盘、S11智投四屏驾驶舱。
359,┤┤┐═25═╝╞¼/Screenshot_20251016_145914.jpg,逐图预览/C01_竖屏录屏_手机截图/359_Screenshot_20251016_145914.jpg,1260,2800,竖版,1,竖屏录屏/手机截图,#50607D #26334B #131A48 #020652 #020328,竖屏信息密度高，适合做素材而非整页版式；应裁切关键区域。,未直接套版；只借鉴“手机界面只露关键步骤”，用于S6、S10。
360,┤┤┐═25═╝╞¼/Screenshot_20251016_150057.jpg,逐图预览/C03_现场大屏单中心构图/360_Screenshot_20251016_150057.jpg,1260,2800,竖版,3,现场大屏单中心构图,#92A1BB #303E54 #19214B #020755 #030430,远距离可读：一页一个中心观点，大标题+一个主图/主流程，文字极少。,S3根因、S9视频转场、S15结尾：只留一句核心判断。
361,┤┤┐═25═╝╞¼/Screenshot_20251016_150616.jpg,逐图预览/C01_竖屏录屏_手机截图/361_Screenshot_20251016_150616.jpg,1260,2800,竖版,1,竖屏录屏/手机截图,#4F617E #232F49 #101847 #020550 #020224,竖屏信息密度高，适合做素材而非整页版式；应裁切关键区域。,未直接套版；只借鉴“手机界面只露关键步骤”，用于S6、S10。
362,┤┤┐═25═╝╞¼/Screenshot_20251016_150629.jpg,逐图预览/C01_竖屏录屏_手机截图/362_Screenshot_20251016_150629.jpg,1260,2800,竖版,1,竖屏录屏/手机截图,#6B7E9A #27344D #121A49 #020653 #020328,竖屏信息密度高，适合做素材而非整页版式；应裁切关键区域。,未直接套版；只借鉴“手机界面只露关键步骤”，用于S6、S10。
363,┤┤┐═25═╝╞¼/Screenshot_20251016_150724.jpg,逐图预览/C07_竖屏实拍_录像界面/363_Screenshot_20251016_150724.jpg,1260,2800,竖版,7,竖屏实拍/录像界面,#687C9A #26344C #121B48 #020653 #02032A,更偏过程记录和实拍，不适合作为决赛主版式。,不直接使用；仅借鉴“关键操作截图+标注线”方法。
364,┤┤┐═25═╝╞¼/Screenshot_20251016_150857.jpg,逐图预览/C10_蓝青高质感组件页/364_Screenshot_20251016_150857.jpg,1260,2800,竖版,10,蓝青高质感组件页,#3B4A5F #232A44 #10173A #060729 #000336,蓝青渐变框、玻璃态卡片、发光描边、黄字小题签、白/青大标题。,S2三痛点直接复用原生组件；S4方案卡、S9转场框、S13成效卡统一风格。
365,┤┤┐═25═╝╞¼/Screenshot_20251016_151014.jpg,逐图预览/C04_深蓝科技三步流/365_Screenshot_20251016_151014.jpg,1260,2800,竖版,4,深蓝科技三步流,#374968 #0C1448 #010462 #010338 #010129,青蓝发光线、编号圆点、三步纵向/横向流程、少量绿色/青色功能胶囊。,S6一库、S7模型①、S8模型②、S10智用、S12智管：统一三步法。
366,┤┤┐═25═╝╞¼/Screenshot_20251016_151403.jpg,逐图预览/C10_蓝青高质感组件页/366_Screenshot_20251016_151403.jpg,1260,2800,竖版,10,蓝青高质感组件页,#315991 #151E4F #010766 #03053D #03032B,蓝青渐变框、玻璃态卡片、发光描边、黄字小题签、白/青大标题。,S2三痛点直接复用原生组件；S4方案卡、S9转场框、S13成效卡统一风格。
367,┤┤┐═25═╝╞¼/Screenshot_20251016_151630.jpg,逐图预览/C00_轻色产品界面+实机_手机实景/367_Screenshot_20251016_151630.jpg,2800,1260,横版,0,轻色产品界面+实机/手机实景,#4674C0 #202D6D #060853 #000275 #000000,白/浅色产品UI作为证据主体，配手机或实景外壳；不做大面积装饰。,S6一库见底、S10智用：真实小程序/报修界面放进深蓝母版；只把UI当证据，不改变母版。
368,┤┤┐═25═╝╞¼/Screenshot_20251016_151827.jpg,逐图预览/C02_蓝色舞台框+浅色证据卡/368_Screenshot_20251016_151827.jpg,2800,1260,横版,2,蓝色舞台框+浅色证据卡,#C0DCED #6187BB #2A3A8B #03068C #010202,深蓝背景中嵌一张高亮白/浅卡，视觉中心清晰，外围少量标签。,S7模型①、S12智管：后台截图集中为一个证据区，左侧保留三步法。
369,┤┤┐═25═╝╞¼/Screenshot_20251016_152425.jpg,逐图预览/C04_深蓝科技三步流/369_Screenshot_20251016_152425.jpg,2800,1260,横版,4,深蓝科技三步流,#A5BBCA #5C5B6A #6B2B25 #372A2E #0A0A0E,青蓝发光线、编号圆点、三步纵向/横向流程、少量绿色/青色功能胶囊。,S6一库、S7模型①、S8模型②、S10智用、S12智管：统一三步法。
370,┤┤┐═25═╝╞¼/Screenshot_20251016_152434.jpg,逐图预览/C03_现场大屏单中心构图/370_Screenshot_20251016_152434.jpg,2800,1260,横版,3,现场大屏单中心构图,#7FBCD9 #677795 #545461 #4E2725 #090A0D,远距离可读：一页一个中心观点，大标题+一个主图/主流程，文字极少。,S3根因、S9视频转场、S15结尾：只留一句核心判断。
371,┤┤┐═25═╝╞¼/Screenshot_20251016_152547.jpg,逐图预览/C04_深蓝科技三步流/371_Screenshot_20251016_152547.jpg,2800,1260,横版,4,深蓝科技三步流,#528AA9 #1E2338 #0E0517 #01010D #000004,青蓝发光线、编号圆点、三步纵向/横向流程、少量绿色/青色功能胶囊。,S6一库、S7模型①、S8模型②、S10智用、S12智管：统一三步法。
372,┤┤┐═25═╝╞¼/Screenshot_20251016_153048.jpg,逐图预览/C09_深蓝模块化流程_环形图/372_Screenshot_20251016_153048.jpg,2800,1260,横版,9,深蓝模块化流程/环形图,#5187AB #0F2D5A #0307AB #020D5C #02070B,模块框、箭头、环形关系、亮青边框；复杂内容被压成模块。,S4“1234”、S5总体蓝图、S14创新双栏。
373,┤┤┐═25═╝╞¼/Screenshot_20251016_153216.jpg,逐图预览/C04_深蓝科技三步流/373_Screenshot_20251016_153216.jpg,2800,1260,横版,4,深蓝科技三步流,#6193BD #35517E #0C2551 #02097E #020609,青蓝发光线、编号圆点、三步纵向/横向流程、少量绿色/青色功能胶囊。,S6一库、S7模型①、S8模型②、S10智用、S12智管：统一三步法。
374,┤┤┐═25═╝╞¼/Screenshot_20251016_153240.jpg,逐图预览/C04_深蓝科技三步流/374_Screenshot_20251016_153240.jpg,2800,1260,横版,4,深蓝科技三步流,#98AECC #1B2E60 #0206A8 #020C4B #040506,青蓝发光线、编号圆点、三步纵向/横向流程、少量绿色/青色功能胶囊。,S6一库、S7模型①、S8模型②、S10智用、S12智管：统一三步法。
375,┤┤┐═25═╝╞¼/Screenshot_20251016_153421.jpg,逐图预览/C09_深蓝模块化流程_环形图/375_Screenshot_20251016_153421.jpg,2800,1260,横版,9,深蓝模块化流程/环形图,#739CC3 #3C5786 #132C59 #030A87 #02080B,模块框、箭头、环形关系、亮青边框；复杂内容被压成模块。,S4“1234”、S5总体蓝图、S14创新双栏。
376,┤┤┐═25═╝╞¼/Screenshot_20251016_153435.jpg,逐图预览/C06_蓝色证据页+大白卡/376_Screenshot_20251016_153435.jpg,2800,1260,横版,6,蓝色证据页+大白卡,#A3C6DF #587192 #1A3765 #03098A #02070B,一侧深蓝逻辑，一侧大面积白色后台/证书/公式；证据比装饰更重要。,S7模型①右侧管理后台、S12智管右侧工单/档案。
377,┤┤┐═25═╝╞¼/Screenshot_20251016_153603.jpg,逐图预览/C02_蓝色舞台框+浅色证据卡/377_Screenshot_20251016_153603.jpg,2800,1260,横版,2,蓝色舞台框+浅色证据卡,#5EA4D1 #3A6191 #0F3364 #030A8C #02080C,深蓝背景中嵌一张高亮白/浅卡，视觉中心清晰，外围少量标签。,S7模型①、S12智管：后台截图集中为一个证据区，左侧保留三步法。
378,┤┤┐═25═╝╞¼/Screenshot_20251016_162249.jpg,逐图预览/C03_现场大屏单中心构图/378_Screenshot_20251016_162249.jpg,2800,1260,横版,3,现场大屏单中心构图,#7994AF #23476E #142345 #0A0A20 #000212,远距离可读：一页一个中心观点，大标题+一个主图/主流程，文字极少。,S3根因、S9视频转场、S15结尾：只留一句核心判断。
379,┤┤┐═25═╝╞¼/Screenshot_20251016_162645.jpg,逐图预览/C02_蓝色舞台框+浅色证据卡/379_Screenshot_20251016_162645.jpg,2800,1260,横版,2,蓝色舞台框+浅色证据卡,#6C92C1 #374577 #0A146F #010168 #010107,深蓝背景中嵌一张高亮白/浅卡，视觉中心清晰，外围少量标签。,S7模型①、S12智管：后台截图集中为一个证据区，左侧保留三步法。
380,┤┤┐═25═╝╞¼/Screenshot_20251016_162954.jpg,逐图预览/C01_竖屏录屏_手机截图/380_Screenshot_20251016_162954.jpg,2800,1260,横版,1,竖屏录屏/手机截图,#406394 #12294F #1C142D #020D2A #00030E,竖屏信息密度高，适合做素材而非整页版式；应裁切关键区域。,未直接套版；只借鉴“手机界面只露关键步骤”，用于S6、S10。
381,┤┤┐═25═╝╞¼/Screenshot_20251016_163001.jpg,逐图预览/C10_蓝青高质感组件页/381_Screenshot_20251016_163001.jpg,2800,1260,横版,10,蓝青高质感组件页,#365777 #0D2640 #051930 #020916 #000002,蓝青渐变框、玻璃态卡片、发光描边、黄字小题签、白/青大标题。,S2三痛点直接复用原生组件；S4方案卡、S9转场框、S13成效卡统一风格。
382,┤┤┐═25═╝╞¼/Screenshot_20251016_163025.jpg,逐图预览/C10_蓝青高质感组件页/382_Screenshot_20251016_163025.jpg,2800,1260,横版,10,蓝青高质感组件页,#4B7CB2 #112674 #0103A2 #01044A #010107,蓝青渐变框、玻璃态卡片、发光描边、黄字小题签、白/青大标题。,S2三痛点直接复用原生组件；S4方案卡、S9转场框、S13成效卡统一风格。
383,┤┤┐═25═╝╞¼/Screenshot_20251016_163121.jpg,逐图预览/C04_深蓝科技三步流/383_Screenshot_20251016_163121.jpg,2800,1260,横版,4,深蓝科技三步流,#C8E0F2 #5C7FB3 #213279 #020581 #010206,青蓝发光线、编号圆点、三步纵向/横向流程、少量绿色/青色功能胶囊。,S6一库、S7模型①、S8模型②、S10智用、S12智管：统一三步法。
384,┤┤┐═25═╝╞¼/Screenshot_20251016_163127.jpg,逐图预览/C03_现场大屏单中心构图/384_Screenshot_20251016_163127.jpg,2800,1260,横版,3,现场大屏单中心构图,#C4DEF0 #597DB1 #1F3179 #020581 #010206,远距离可读：一页一个中心观点，大标题+一个主图/主流程，文字极少。,S3根因、S9视频转场、S15结尾：只留一句核心判断。
385,┤┤┐═25═╝╞¼/Screenshot_20251016_163219.jpg,逐图预览/C01_竖屏录屏_手机截图/385_Screenshot_20251016_163219.jpg,2800,1260,横版,1,竖屏录屏/手机截图,#C4E5F5 #5C86BC #203281 #01047D #010104,竖屏信息密度高，适合做素材而非整页版式；应裁切关键区域。,未直接套版；只借鉴“手机界面只露关键步骤”，用于S6、S10。
386,┤┤┐═25═╝╞¼/Screenshot_20251016_163233.jpg,逐图预览/C10_蓝青高质感组件页/386_Screenshot_20251016_163233.jpg,2800,1260,横版,10,蓝青高质感组件页,#6AA3CF #3E5594 #121F5E #01047A #020204,蓝青渐变框、玻璃态卡片、发光描边、黄字小题签、白/青大标题。,S2三痛点直接复用原生组件；S4方案卡、S9转场框、S13成效卡统一风格。
387,┤┤┐═25═╝╞¼/Screenshot_20251016_163743.jpg,逐图预览/C01_竖屏录屏_手机截图/387_Screenshot_20251016_163743.jpg,2800,1260,横版,1,竖屏录屏/手机截图,#84C7DA #4782B0 #1F4384 #040C95 #020813,竖屏信息密度高，适合做素材而非整页版式；应裁切关键区域。,未直接套版；只借鉴“手机界面只露关键步骤”，用于S6、S10。
388,┤┤┐═25═╝╞¼/Screenshot_20251016_163935.jpg,逐图预览/C06_蓝色证据页+大白卡/388_Screenshot_20251016_163935.jpg,2800,1260,横版,6,蓝色证据页+大白卡,#7AB8CE #325D92 #151E6F #020C6B #000449,一侧深蓝逻辑，一侧大面积白色后台/证书/公式；证据比装饰更重要。,S7模型①右侧管理后台、S12智管右侧工单/档案。
389,┤┤┐═25═╝╞¼/Screenshot_20251016_164440.jpg,逐图预览/C01_竖屏录屏_手机截图/389_Screenshot_20251016_164440.jpg,2800,1260,横版,1,竖屏录屏/手机截图,#878D8E #595858 #494243 #432320 #090808,竖屏信息密度高，适合做素材而非整页版式；应裁切关键区域。,未直接套版；只借鉴“手机界面只露关键步骤”，用于S6、S10。
390,┤┤┐═25═╝╞¼/Screenshot_20251016_164624.jpg,逐图预览/C02_蓝色舞台框+浅色证据卡/390_Screenshot_20251016_164624.jpg,2800,1260,横版,2,蓝色舞台框+浅色证据卡,#8A8F93 #5A5B5E #4B4646 #45231F #090808,深蓝背景中嵌一张高亮白/浅卡，视觉中心清晰，外围少量标签。,S7模型①、S12智管：后台截图集中为一个证据区，左侧保留三步法。
391,┤┤┐═25═╝╞¼/Screenshot_20251016_164710.jpg,逐图预览/C06_蓝色证据页+大白卡/391_Screenshot_20251016_164710.jpg,2800,1260,横版,6,蓝色证据页+大白卡,#818C93 #565C68 #494951 #472420 #080708,一侧深蓝逻辑，一侧大面积白色后台/证书/公式；证据比装饰更重要。,S7模型①右侧管理后台、S12智管右侧工单/档案。
392,┤┤┐═25═╝╞¼/Screenshot_20251016_165404.jpg,逐图预览/C03_现场大屏单中心构图/392_Screenshot_20251016_165404.jpg,2800,1260,横版,3,现场大屏单中心构图,#EBF2FB #91A6CF #43335B #060C75 #000245,远距离可读：一页一个中心观点，大标题+一个主图/主流程，文字极少。,S3根因、S9视频转场、S15结尾：只留一句核心判断。
393,┤┤┐═25═╝╞¼/Screenshot_20251016_165451.jpg,逐图预览/C07_竖屏实拍_录像界面/393_Screenshot_20251016_165451.jpg,2800,1260,横版,7,竖屏实拍/录像界面,#D4EAF8 #677BA4 #2F2859 #04086F #000242,更偏过程记录和实拍，不适合作为决赛主版式。,不直接使用；仅借鉴“关键操作截图+标注线”方法。
394,┤┤┐═25═╝╞¼/Screenshot_20251016_165724.jpg,逐图预览/C10_蓝青高质感组件页/394_Screenshot_20251016_165724.jpg,2800,1260,横版,10,蓝青高质感组件页,#E6F1FB #83A0C9 #43345C #060C75 #000245,蓝青渐变框、玻璃态卡片、发光描边、黄字小题签、白/青大标题。,S2三痛点直接复用原生组件；S4方案卡、S9转场框、S13成效卡统一风格。
395,┤┤┐═25═╝╞¼/Screenshot_20251016_170413.jpg,逐图预览/C08_比赛舞台超简洁页/395_Screenshot_20251016_170413.jpg,2800,1260,横版,8,比赛舞台超简洁页,#92B9DD #355395 #121870 #001784 #000034,标题大、图形少、核心词大；舞台远距识别优先。,S1封面、S2三痛点、S9视频、S15收口。
396,┤┤┐═25═╝╞¼/Screenshot_20251016_170839.jpg,逐图预览/C09_深蓝模块化流程_环形图/396_Screenshot_20251016_170839.jpg,2800,1260,横版,9,深蓝模块化流程/环形图,#5EAEE3 #4271BA #273B78 #040B92 #050410,模块框、箭头、环形关系、亮青边框；复杂内容被压成模块。,S4“1234”、S5总体蓝图、S14创新双栏。
397,┤┤┐═25═╝╞¼/Screenshot_20251016_171027.jpg,逐图预览/C10_蓝青高质感组件页/397_Screenshot_20251016_171027.jpg,2800,1260,横版,10,蓝青高质感组件页,#6696C9 #3A5994 #222B5E #030781 #020208,蓝青渐变框、玻璃态卡片、发光描边、黄字小题签、白/青大标题。,S2三痛点直接复用原生组件；S4方案卡、S9转场框、S13成效卡统一风格。
398,┤┤┐═25═╝╞¼/Screenshot_20251016_171232.jpg,逐图预览/C10_蓝青高质感组件页/398_Screenshot_20251016_171232.jpg,2800,1260,横版,10,蓝青高质感组件页,#6B9DCD #4064A4 #2A3771 #03098F #030311,蓝青渐变框、玻璃态卡片、发光描边、黄字小题签、白/青大标题。,S2三痛点直接复用原生组件；S4方案卡、S9转场框、S13成效卡统一风格。
399,┤┤┐═25═╝╞¼/Screenshot_20251016_171312.jpg,逐图预览/C04_深蓝科技三步流/399_Screenshot_20251016_171312.jpg,2800,1260,横版,4,深蓝科技三步流,#529CD4 #3568AC #2A3B78 #04098E #040311,青蓝发光线、编号圆点、三步纵向/横向流程、少量绿色/青色功能胶囊。,S6一库、S7模型①、S8模型②、S10智用、S12智管：统一三步法。
400,┤┤┐═25═╝╞¼/Screenshot_20251016_171317.jpg,逐图预览/C02_蓝色舞台框+浅色证据卡/400_Screenshot_20251016_171317.jpg,2800,1260,横版,2,蓝色舞台框+浅色证据卡,#D4DDE7 #66A7D6 #3C467B #040988 #020206,深蓝背景中嵌一张高亮白/浅卡，视觉中心清晰，外围少量标签。,S7模型①、S12智管：后台截图集中为一个证据区，左侧保留三步法。
401,┤┤┐═25═╝╞¼/mmexport1760788926551.jpg,逐图预览/C01_竖屏录屏_手机截图/401_mmexport1760788926551.jpg,1582,941,横版,1,竖屏录屏/手机截图,#CFCCD7 #C8C5D0 #C0BEC9 #AFADB9 #2A2926,竖屏信息密度高，适合做素材而非整页版式；应裁切关键区域。,未直接套版；只借鉴“手机界面只露关键步骤”，用于S6、S10。
